bedrooms,bathrooms,sqft_living,floors,price
3,1.5,1340,1.5,313000
5,2.5,3650,2,2384000
3,2,1930,1,342000
3,2.25,2000,1,420000
4,2.5,1940,1,550000
2,1,880,1,490000
2,2,1350,1,335000
4,2.5,2710,2,482000
3,2.5,2430,1,452500
4,2,1520,1.5,640000
3,1.75,1710,1,463000
4,2.5,2920,1.5,1400000
3,1.75,2330,1,588500
3,1,1090,1,365000
5,2.75,2910,1.5,1200000
3,1.5,1200,1,242500
3,1.5,1570,1,419000
4,3,3110,2,367500
3,1.75,1370,1,257950
3,1.5,1180,1,275000
3,1.75,2240,2,750000
4,1,1450,1,435000
3,2.25,1750,2.5,626000
4,2.5,2730,2,612500
4,1.75,1600,1,495000
3,2.5,2090,1,285000
3,1.75,2360,1,615000
4,2.25,2200,1.5,698000
5,2.5,2820,2,675000
3,2.5,2600,1,790000
4,1.75,1560,1,382500
4,2.5,2860,2,499950
4,2,1820,1.5,650000
4,2.5,2820,2,625000
4,2.5,3630,1.5,400000
3,2.5,3240,2,604000
2,1,800,1,440000
3,3,1850,1,287200
3,2,1960,1,403000
3,2.5,2390,1,750000
3,2.25,1580,1,335000
4,2,1480,1,260000
2,1,850,1,308500
3,2.5,1770,2,439950
2,1,1210,1,235000
3,1,1160,1,315000
3,2.25,1970,2,437500
3,2.5,1930,2,407500
3,2.5,1270,3,445700
4,2.5,3310,2,838000
4,2.75,2710,2,630000
3,1.75,2910,1.5,550000
3,2,2710,1.5,805000
3,1.75,1800,1,284000
5,2.5,2210,1,470000
4,1.5,1920,1,430000
4,1.75,2190,1,491500
5,3.25,3660,2,785000
3,3.25,1320,2,385000
2,2.5,1630,2,295000
4,2.5,3310,2,555000
3,2.5,2680,2,459990
4,3.25,2730,1,625000
3,2.5,2540,2,300000
4,2.75,2920,2,625000
2,1,900,1,553000
3,2.5,1650,1,379880
3,1,1010,1,310000
2,2.5,2680,1,775000
3,2.5,2200,1,365000
4,2.5,2530,2,331950
3,2.5,2850,2,783500
4,2,2280,1,628000
3,2.5,1900,2,560000
3,1,1330,1,900000
2,3,1270,2,531000
4,3,2170,2,831000
4,2.5,2730,2,780000
4,2.5,2120,1,755000
3,2.5,2490,2,705380
4,2.25,1990,1,627000
4,3,3690,2,865000
2,1,2540,1,580000
3,2.25,1800,1,410000
4,3,2340,1,485000
2,1.75,2110,1,400000
2,1,1140,1,549000
3,1.75,1480,2.5,620000
2,3,1410,2,405000
2,1,1200,1,232000
5,2.5,3180,2,800866
3,1.5,2160,1,650000
6,1.75,2920,2.5,823000
3,2,2350,1.5,770000
3,1.75,1560,1,524000
5,2.75,2740,1,541125
3,2.5,1680,3,670000
5,2.5,3090,1,384900
3,2.25,1410,3,406100
5,3.5,4010,2,1395000
4,2.5,3180,2,736500
3,2.25,2010,1,570000
3,1.75,1330,1,787000
4,2.5,2370,2,328000
5,2,1840,1,435000
4,2.5,2910,2,499000
4,1,2070,1,501000
4,2.5,4340,2.5,1090000
2,1,840,1,400000
4,1.5,1240,1,220000
4,1,1390,1,657100
4,2.75,2310,2,309950
3,2,1050,1,300000
5,1.75,2550,1,525888
4,1.75,2010,1.5,740000
5,1,1120,1.5,340000
3,2.5,2230,2,398750
2,1,810,1,206000
5,2.75,3190,1,1030000
3,1.75,1670,1,600000
4,1.75,1970,1,379950
3,1,1450,1,287000
7,8,13540,3,2280000
3,2.5,1880,2,309950
3,1.75,1880,1,600000
3,2,1410,1.5,418000
4,2,1480,1.5,449250
2,1,1140,1.5,329950
3,1.75,1920,1,245000
4,2.5,2910,2,549000
3,2.5,3240,2,800000
3,2,1550,1,249950
5,2,2050,1,210000
2,2.5,2220,2,1425000
2,1,1770,1.5,585000
4,1.75,2300,1,615000
3,2,1800,1,618500
4,1.75,2010,1,487585
3,2.5,1790,2,509900
4,2.5,2440,2,631625
3,2.5,1940,2,555000
2,1.5,1160,2,340000
4,2.5,3400,2,830000
4,4.25,4420,2,890000
3,3,1571,3,366750
3,2.25,1620,2.5,415000
3,2.5,1408,3,416286
3,2.5,3040,2,478000
5,3.5,4490,2,890000
2,2.5,1590,2,419190
4,2.5,2450,2,712198
4,2,1440,1,397000
2,2,1100,1.5,450000
3,1,1350,1,353000
4,2.5,2150,2,609000
3,1.75,1490,1,234000
3,2,2000,2,561000
2,1,1030,1,469000
2,1,720,1,329350
5,2,2020,1.5,488000
3,1.75,1580,1,279900
4,2.5,2110,2,606000
4,2,1300,1,312000
3,1.5,1630,1,650000
4,2.75,3370,1,1135000
4,2.5,1890,1,325000
4,2,1520,1,425000
2,1,900,1,219000
3,1,1050,1,250000
3,1.75,1260,1,390000
6,3,3470,1.5,475000
4,2.5,2290,2,736000
4,2.25,2810,1,407000
3,2.5,1650,2,272000
3,2.25,1640,1,362000
3,2.5,1850,2,535000
4,2.5,2000,2,284000
3,1.5,1410,1,367500
4,1.75,1500,1,379900
3,2.5,2460,2,520000
3,1,1010,1,175000
2,2.25,1230,2,460000
4,2.5,2331,2,345000
5,2.5,2240,1,455000
4,3,2450,1,610000
4,3,3100,2,563000
4,2,2060,1,612500
3,1.75,1850,1,218000
4,1.75,1840,1,404000
4,2,3740,2,860000
3,1.5,1420,1,136500
3,1,1510,1,313950
3,1.75,2130,1,575000
4,2.25,3490,2,1225000
3,1.75,1630,1,280000
3,2.5,1790,2,515000
4,2.5,2000,2,513000
4,2.25,2260,2,599000
4,2.5,3030,2,685000
3,1.5,1310,1,365000
4,2.5,3880,2,762300
4,3.25,3760,1.5,1580000
5,2.25,3040,2,562000
5,2.5,2910,1,530000
3,2.5,2970,1,525000
2,1.75,1660,1,484000
4,2.5,3200,2,725126
4,2,2680,1,360000
3,1,1230,1,387000
4,2.5,2740,2,483500
4,3.5,3380,2,655500
3,1,1110,1,345000
5,2.75,1800,1.5,533000
3,1.75,1900,1,385000
2,1,930,1,675000
3,1.75,1690,1,197000
3,2,1420,1.5,485000
5,4,4510,2,1870000
3,2.25,1980,1,295000
2,1.75,1170,1,499000
3,2.5,2200,2,1050000
3,1.5,800,1,191000
3,2.5,1480,3,500000
5,3.75,2890,1,390000
3,2.5,2690,3,979000
4,3.25,3569,2,580000
3,2,1270,3,369950
5,5,4490,2,1800000
4,2.5,3040,2,776000
3,2.25,1170,3,519950
5,2.25,2060,1,255000
3,1,990,1,495000
4,2.5,2430,2,510000
4,4,4460,2,1150000
3,1.75,1250,1,253000
3,2.75,1540,1,503000
3,2.5,1600,2,275000
3,1,1110,1,249000
3,1.75,1840,1,310000
3,2.75,2520,1,750000
3,2.5,2680,2,630000
9,4.5,3830,2.5,599999
4,2.75,2410,1,758000
4,1.75,1720,1,248500
3,1.75,2070,1,310000
3,2,1760,2,460000
3,1.75,1680,1,675000
2,2,1550,1.5,526000
3,3,4120,2,560000
4,3,1830,2,415000
3,1,1400,1,246000
3,1.75,1870,1,314500
7,4.5,6210,2.5,3200000
2,1.5,1040,1.5,420000
3,1.75,2720,1.5,535000
3,1,1010,1,350000
3,1.75,1580,1,515000
4,2.75,2600,2,749950
3,2.5,1920,2,230000
3,2,2350,1.5,568000
1,1,1100,1,250000
4,2,2510,1,581000
3,2.5,3240,2,651000
3,2.5,2460,1,600000
2,1,1010,1.5,500000
2,1,820,1,475000
5,2.5,2420,1,352000
3,2.25,1770,2,420000
2,2,1350,1,428000
3,1.75,1960,1,599000
4,2.5,3305,1.5,492000
2,2.25,2550,1,630000
5,3.75,4130,2,900000
4,1.5,2310,1,1110000
4,2,1650,1,575000
4,2.5,2650,1.5,705000
4,2.25,1890,1,940000
3,1.75,2190,1,313000
3,2.5,2030,2,618080
3,3,2270,2,640000
3,2,1610,1,485000
2,1,760,1,300000
2,1,1640,1,379500
3,2.25,1630,2,339950
6,2.5,3560,2.5,1500000
3,3,2960,2,1340000
3,2.5,1940,1,500000
3,2,1410,1,239900
3,1,1040,1,314950
2,1,820,1,361280
2,1,910,1,100000
7,5.75,3700,2,540000
4,2.5,2180,1,480500
3,2.5,1600,2,280000
3,1.75,1500,1,440000
3,1,1340,1,530000
3,2,1860,1,560000
3,2,2540,1.5,775000
2,1,1040,1,160000
3,1.5,1380,1,209950
3,1.75,1640,1,226500
5,1.75,3000,1,380000
4,2.75,2140,1,409500
3,2,1760,1,690000
3,2.25,1660,1,405000
3,2.5,1830,2,375000
4,2,2210,1,794154
4,1,1490,1,185000
3,1.5,1260,2,245000
5,4.5,4270,2,1532500
4,3.5,3900,2,1040000
2,2.5,1150,3,425000
4,2.75,2656,2,495000
5,2.75,2410,1,365000
3,2.25,1606,3,417250
2,1,820,3,339950
2,1,1540,1,615000
3,2.75,2090,2,403000
5,2.5,3160,1,980000
4,1.75,1730,1,258000
3,1,1670,1,533000
4,2.5,2550,2,537500
5,3,3040,1,830000
3,1,1250,1.5,712000
4,2.5,2020,2,262000
4,2.5,2660,2,753888
2,1.5,980,2,134000
3,2.5,1960,1,402000
2,1,720,1,205000
2,2.5,1360,2,553650
2,2,1870,1,559950
4,1.5,2130,1,260000
4,2.5,1810,2,270000
2,1.75,2200,1,295000
3,2.5,1690,1.5,719000
3,2.5,1940,1,266000
4,2.5,2320,2,325900
4,1.75,2060,1,647500
4,1,3410,2,1039000
4,2.25,2250,2,569000
3,1.75,1390,1,246000
2,1,1060,1,515000
3,1,1490,1,207000
4,1.75,2480,1,780000
5,2.25,2440,1.5,489990
3,1.5,2240,1.5,335000
3,2.5,1920,2,295000
3,1.75,1890,1,385000
4,1.75,2250,1,350000
2,1,1270,1,235000
2,1.5,960,2,358000
4,2.5,3290,2,716500
4,1.75,2000,1,228000
2,1,1020,1,405000
4,1.75,1840,1,538000
3,1.75,1980,1,530000
6,3,3510,2.5,1750000
2,1.75,1230,1.5,636000
4,2.5,2280,2,535000
3,1.75,2430,1,1500000
3,2.5,2920,3,868500
4,2.75,2280,1.5,530000
3,2,1510,1,450000
3,1.75,950,1,230000
3,2.5,1190,2,229000
3,1.75,1310,1,437000
5,3.25,2800,1.5,1307000
3,2.5,1750,2,595000
3,1.75,1320,1.5,660000
4,2.5,2460,2,347500
3,2,1240,1,297950
3,1.5,1260,1,245000
6,2.25,2820,1.5,543200
4,3.25,3820,2,1250000
3,2.5,1540,3,413450
2,2,1550,1.5,330000
3,1.75,1460,1,424500
3,1,1390,1,230000
3,3.25,2640,2,930000
3,1.75,1590,1,349000
4,2,1910,1.5,835000
3,2.75,2015,2,988500
3,1.75,1410,3,500000
2,1.5,1110,2,499000
2,1.25,860,2,321950
3,2.5,2310,2,494000
2,1.5,1020,3,441750
2,1,980,2,438000
4,2.25,4230,2,985000
3,2.25,1640,1,352000
4,3.5,3810,1,839900
4,2.75,2790,2,765000
4,1.75,1750,1.5,460000
4,1,1430,1.5,224500
3,2.5,1850,2,254000
2,1,960,1,255000
3,3,2480,1,610000
4,3,3750,2,920000
4,2.5,2600,2,402500
3,1.75,1390,1,280950
4,2.5,2260,2,604000
4,2.25,2470,2,565000
2,1,810,1,255000
4,2,1650,1,445000
3,2.25,3000,1.5,2400000
2,1,720,1,195000
3,1.5,1390,1,275000
3,2.25,1445,2,387000
2,1,1840,1.5,490000
3,2.5,2100,2,505000
3,1.5,1060,1,303500
3,1.5,1500,1,270000
4,2.75,1970,1,323000
3,3.25,1410,3,382000
4,2.75,3720,1,1370000
4,2,2190,1,280000
3,2,1920,1,260000
3,1,1160,1,201500
4,4.25,5860,2,1157200
4,1.75,2000,1.5,536500
4,3,2163,2,248000
5,3,3480,1,532000
4,2.5,2840,2,580000
2,1,1150,1,463000
4,2.75,3100,2,742500
3,2.5,1420,1,260000
4,2.25,2430,1,590000
4,2.25,1930,1,312000
3,2.25,1660,1,566000
3,2,1400,1,511555
4,2.5,2660,2,583000
4,2.5,2000,1,290000
4,2.25,2130,1,311100
3,2.25,1352,3,325000
3,1.75,1750,1,491300
5,1.75,2320,1,315000
2,1,1420,1,360000
4,2.5,1940,2,330000
3,2,1410,1,481450
3,1,1360,1,234950
3,1.75,1220,1,251000
4,2.5,2830,2,782000
4,2.75,3780,2,833000
4,2.5,2330,2,542500
3,2.5,3560,2,851000
4,1.5,1470,1,325000
4,2.25,3060,2,415000
3,1,1030,1,252500
4,2.5,1930,1,465000
3,1.75,1780,1,336900
3,2.5,2000,2,225000
3,2,1690,1,270000
5,4.5,5190,2,1702500
3,1.75,1300,1.5,536000
4,3.25,2400,2,585000
2,2,1150,1,445000
4,2.25,2310,2,320000
4,3.5,2730,2,769900
4,2.5,2840,2,557000
2,1.5,1020,2,212000
3,2,1340,3,376000
4,3.25,3540,2,800000
5,6.5,7270,2,2238888
3,2.25,998,2,324000
5,2.75,3060,1,549900
3,2.5,2130,2,320000
4,2,2520,1,875000
4,1,1940,1,265000
3,2.5,1350,3,394950
4,2.5,2160,2.5,842500
3,2.5,1370,2,368000
4,4.5,5420,1,1225000
4,2.5,2830,2,885000
3,2.5,2010,2,453246
4,2.75,3300,2,927000
2,2.5,1230,2,490000
3,1.5,1720,1.5,341000
1,1,810,1,235000
3,1.75,1560,1.5,1200000
3,2,2560,1,560000
4,3.25,4700,2,900000
2,1,1220,1,255000
5,2.75,3650,1,1575000
3,3.25,2170,1.5,876650
4,2.25,2540,1,540000
2,1,910,1.5,350000
4,2.5,2980,2,750000
4,1.75,2120,1,582000
4,3.5,3460,2,1315000
5,3,2480,1,372500
3,2.25,2200,2,410000
4,2,1730,1,360000
3,2.5,2920,1,1015000
3,1,990,1,225000
4,2.5,3040,2,647000
5,3,4530,1.5,950000
3,1.5,1370,1,185000
3,2.5,1940,2,335000
3,2.5,1040,2,210000
4,2.25,1800,1,522000
3,1.75,1720,1,770000
3,1,980,1,499950
4,2.5,3110,2,751000
5,3,2100,1,330000
3,1.5,2020,1,465000
4,1.75,2350,1,850000
4,2.25,3290,1.5,947500
5,2.25,2180,2,302000
2,2.25,1290,3,500000
3,1,1460,1,201000
2,1,1290,2,265000
4,2.5,2350,1.5,870300
3,1,1080,1,339000
4,2.5,2670,2,690000
4,3.25,3680,2,788000
3,1.75,1440,1,315275
4,1.75,1940,1,505000
3,1,1280,1,368000
3,2.75,2980,1.5,947500
3,1,970,1,156000
4,3,2110,1.5,610000
2,2.5,1480,3,420000
2,1,700,1,192000
3,2,2700,1,910000
4,3.25,2330,2,1300000
5,1.75,3380,1,1346400
4,2.75,2600,1.5,840000
2,1.75,1360,1,300000
4,2.5,2780,1,505000
3,1,1250,1,110000
3,2.5,2620,2,746000
3,1.5,1350,1,211000
4,3,2400,1,675000
4,2.5,2760,1.5,734200
4,2.25,3070,1,1225000
2,1.75,2040,1.5,615000
4,2,1770,2,630000
4,3.75,3490,2,1264000
2,1.5,830,2,301500
2,2.5,980,2,369000
3,2.5,1570,3,635000
4,3.25,3270,2,1033888
4,2.5,2160,2,383000
4,3.75,3280,2,1050000
4,2.5,3360,2,455000
5,2.75,3150,2,819900
3,3.5,1810,2,625000
4,2.5,2740,2,651000
5,4.75,3830,1,480000
3,3.25,3190,2,757000
3,2.25,2350,1,460000
4,2.25,2510,1,267345
2,2,1680,1,530000
3,2,1770,1,449500
3,1,1090,1,289000
5,2.5,3001,2,373000
5,3,2450,2,525000
3,3.25,3610,2,777000
4,2,2250,1,550000
3,1.5,1240,1,523000
4,2,2260,1,628000
4,1.75,2090,1,581000
5,1.75,2020,1,245000
3,1.75,1960,1,415000
5,2.25,3120,2,1895000
3,1.5,1250,1,225000
3,2.25,1490,1,287000
6,3,2890,2.5,799200
3,1,1900,1.5,239950
3,1.75,1680,1,591000
3,2.5,2030,2,700000
4,2.5,3740,1,475000
3,1.75,1580,1,575000
3,2.25,1780,1.5,771000
2,1,910,1,155000
7,4,3440,2,550000
3,2.5,1740,2,645000
5,2.5,3400,1,464000
4,3.25,4400,2,1050000
3,2.5,2010,2,350000
4,2.25,2710,2,591000
4,2.5,5300,2,2555000
3,1.5,1310,1,717000
4,1.5,1950,1.5,225000
3,1,1040,1,225000
3,1.75,1090,1,345000
2,0.75,650,1,230000
3,2,1480,1,385000
2,1,790,1,90000
4,2.5,3560,1,860000
4,2.5,3000,2,675000
4,2.5,3490,2,975000
3,1.75,2340,1,780000
3,1.75,1650,1,370000
3,2,1940,1.5,665000
5,3,3410,1,675000
3,1,1710,1.5,620000
4,1.5,2740,2,1105000
3,2.75,1250,2,450000
3,2.25,2450,1,450000
3,1.75,1690,1,530000
4,1.75,1950,1,635000
5,2,2290,1,580000
5,3.25,3370,1,1550000
3,1,1090,1,285000
3,1,1190,1,375000
5,4.25,3530,2,1400000
3,1,1440,2,560000
4,1.75,2180,1,405000
4,1,1410,1,413000
3,2.5,1950,2,287600
5,3.25,4860,2,1680000
3,1,1660,1,225000
3,1,1390,1,319000
3,2,1350,1,322500
3,2,1530,1,570000
3,1.5,1270,1,465000
4,2.25,2140,2,435000
4,2.5,2040,2,502000
3,3.5,2876,2,525000
3,2.5,1580,2,525000
4,3.5,3400,2,660000
4,2.5,3520,2.5,870000
4,2.5,2210,2,650000
4,2.5,2790,2,505000
3,2.5,1450,1,330000
4,1.75,1620,1,385000
3,1.5,1220,3,306000
3,1.75,2000,1,546000
4,2.5,2190,2.5,925000
4,1.75,1900,1,542000
3,1,1700,1.5,800000
5,2.5,2540,2,620000
2,1,1170,1,175000
5,5,5774,1,740000
3,2.25,2120,2,345000
3,1.75,2170,1,510000
4,2.75,2450,1,530000
2,1,700,1,155000
3,2.5,1780,1,266000
3,2,1850,1,257200
3,2,1570,1,265000
3,1,1290,1,372220
5,2,1700,1,337500
2,1.5,1159,1,582500
3,2.75,1850,1.5,489200
2,1,840,1,405100
3,2.5,1690,2,372977
3,1,1050,1,310000
3,1.75,1400,1.5,538000
3,2.5,2550,2,1400000
3,2.5,1840,2,317000
3,1.5,2360,2,702500
4,2.5,2240,2,565000
4,2.5,2700,2,723000
3,2.5,3030,1.5,766950
3,1.75,1830,1.5,682000
3,2.5,2220,2,325000
3,2.5,2090,1,543000
3,1.75,1600,1.5,525000
4,1.75,2010,1,364000
2,1,830,1,394475
4,2.5,2010,2,316000
3,1,1050,1.5,339950
4,2.5,2150,1,486000
3,1,860,1,160000
3,2.5,3100,1,930000
3,1,1100,1,139000
3,1.5,1830,1,562000
2,1.75,1250,1,299000
3,2.5,1820,2,511000
3,2,2090,1.5,499000
3,3.5,2100,2,356000
4,2.5,2310,2,470000
4,2.25,2060,1,715000
4,2.25,4470,2,1120000
3,1,1660,1,458000
5,4.5,3810,2,966000
3,1.75,2110,2,305495
2,2,2370,1.5,543000
3,2.25,1970,2,340000
4,2.5,2470,2,633100
3,1,1480,1,310000
5,3,2257,1,349950
2,1,700,1,267800
4,2,1630,1,234000
4,2.5,3430,2,740000
5,1.75,2220,1.5,607500
3,1.75,1340,1,223000
2,1,980,1,400000
3,2.5,2580,2,802000
4,2.5,2230,2,253000
4,2,2290,1,1058000
3,1,1260,1,300000
4,2.75,1680,1,625000
4,3.25,3200,2,707000
4,2.5,3320,2,950000
4,2.5,3040,2,420000
4,2.75,2270,1,498000
3,2.5,2910,2,450000
5,2.25,2510,2,955000
2,1,1240,1,215000
3,2.75,2580,2,437000
3,2.75,2470,2,773000
4,3.5,4910,1.5,1222500
3,2.5,1690,2,256883
4,2.5,2240,1,592500
3,2,1650,1,252350
4,2.5,2710,2,370000
3,1.5,1260,1,465750
3,1,1150,1,185000
4,2.75,2550,1,582800
3,1.75,1490,1,245000
4,1.75,2020,1,302000
2,1,1320,1,451555
3,1,1230,1,250000
4,2.5,2070,2,255000
4,1.75,2930,1,840000
3,1,1090,1,190000
3,1,1400,1,349950
4,2,1550,1.5,613000
3,1,1220,1,300000
3,2.5,1870,1,455000
3,2.25,2150,2,335000
3,1,980,1.5,197500
3,1.5,1490,1,412500
3,1.5,1120,1,395300
3,2.25,1180,2,342400
4,2.5,3240,2,749400
4,2.5,2150,2,316500
3,2.5,2240,2,390000
3,2,1400,1,225000
3,2.25,1980,1,550000
3,1,1330,1.5,280000
4,2.5,3200,2,1255000
2,1,1490,1,575000
5,4.25,3920,2,1000000
5,1.75,2000,2,585000
4,2.5,2680,2,620000
4,2,1670,1,204700
4,3,3150,2,695000
4,3.25,2740,2,689900
4,1.75,1890,1,375000
7,3.5,2870,1,475000
3,1,1160,1,215000
4,1.75,3550,2,2100000
3,1.75,1790,1,790000
3,1.75,1680,1,350000
3,2.5,4560,2,695000
3,2.25,1590,2,263000
3,1,1630,1,400000
3,2.5,2700,2,525000
3,2.5,1700,2,349950
4,3.25,3740,1,1085000
4,3,1980,2.5,744000
2,1,880,1,312500
3,2,1400,1,240000
4,2,2050,1.5,495000
3,2.5,2360,2,580050
4,2,2560,1,640000
3,1.5,1340,1,417000
3,1,1060,1,174950
3,1.5,850,1,295000
4,1.75,1880,1,423000
3,1,1230,1,839000
4,1.75,2290,1,343000
3,1,1660,1,467000
3,2.5,1840,2,512500
4,2.5,3020,1,575000
3,1.75,1410,1,465000
3,1,1010,1,270000
3,1.75,1960,1,340000
5,3.75,3580,2,765000
4,2.5,2240,2,497000
4,2.5,3310,2,803100
3,2.5,1232,3,344000
4,3.5,3930,2,828950
3,2.5,1720,2,386380
3,2.25,1490,2,312000
3,2.5,3150,2,720000
4,2.5,3950,3,914500
5,2.75,3030,2,819995
2,1.5,1070,1,252700
3,2.5,2320,2,437500
1,1,700,1,350000
3,2.5,2720,2,619000
3,2.5,1800,2,408200
3,1.75,1560,1.5,451000
3,2,1760,1,317000
4,3.25,3120,2,799000
2,1,2020,1,720000
3,2,1450,1.5,490000
4,2.25,1860,1,239900
4,2.25,2270,1,446000
3,2.5,1480,2,275000
5,1,1460,2,239950
4,3.5,1850,2,248000
3,2.5,2170,2,619500
3,1.75,1726,2,363750
3,1.75,1180,1,385000
4,1.5,1370,1,370000
3,2.5,2670,1,425000
3,1,1260,1,342000
4,1,1980,1.5,345000
3,2,2050,1,724800
5,2.75,2830,2,725000
2,1,910,1,605000
4,2.5,2440,2,350000
3,2,2180,1,785000
3,2,1900,1,250000
3,2.25,1520,3,565000
3,2,2220,1,875000
4,2.75,3280,2,862500
3,2.5,2740,2,400000
2,1,830,1,282613
2,1,1010,1,174500
3,2.25,2060,1,306500
3,2.25,1990,2,445000
4,2.5,2280,2,433000
3,2.5,1870,2,306000
3,2.25,1720,1.5,620000
2,1,870,1,245000
3,2,1020,2,238000
3,1.5,1260,1.5,523000
3,2.5,2370,2,522500
3,1,1000,1,180000
3,1.5,1100,2,375000
3,2.25,1440,1,249000
4,2.5,3120,2,730100
2,2,2260,1,551000
4,2.5,2790,2,375000
1,1,1140,1.5,540000
3,2.25,1290,2,605000
5,1.75,1730,1,205000
4,2.5,3160,2,645000
4,2.5,2340,2,314000
3,1.5,1170,1,330000
2,1,1160,1,490000
3,3,1970,1,445000
5,4.25,6490,2,2000000
3,2.25,1410,2,377500
4,2.5,2430,2,480000
5,1.5,3360,2,804995
3,2.5,1480,2,341000
5,2.5,3200,2,675000
3,2.5,2134,2.5,611000
3,3.25,1860,3,379950
4,3,5520,2,1270000
2,2.5,1310,2,500000
3,2,1700,1,410000
3,2.5,2480,2,415000
5,2.5,1970,2,297000
4,2.5,2060,1,575550
3,2.5,2130,1,534640
3,2.25,1410,1,352500
2,2,1360,1,488000
3,2,1940,1,732000
2,2.25,1610,2,215000
2,2,1420,1.5,592500
4,2.5,1700,2,290000
2,1,1490,1,475000
3,2.5,2680,2,320000
4,2.5,3190,1,1216000
5,1.5,2120,1.5,290000
4,2,1690,1.5,487250
4,2.5,1830,2,339000
2,1.5,1010,1.5,440000
4,2.75,2070,1,366500
3,1.5,1710,1.5,462000
4,1,1660,1.5,560000
4,1.75,2080,1,285000
3,2.5,1270,2,280000
3,1,1080,1,210000
3,2,1610,1.5,690000
2,1,1120,1,256500
4,2.75,2500,2,411000
3,1,970,1,215000
5,2,3370,1.5,762000
3,1,1290,1,359950
4,3.5,3370,2,480000
4,3.5,3410,2,1405000
4,2.5,2490,2,390000
2,1,770,1,413500
1,1.5,810,2,285000
4,2.5,3060,1,475000
3,2.5,1690,2,386591
3,1.75,1890,1,524950
2,2,1470,2,241000
2,1,1060,1,461000
4,2.5,3480,2,810000
4,2.75,2730,1.5,885000
3,2.25,1580,2,247000
3,2.75,2170,1,296500
2,1,930,1,141800
4,2,1580,2,333000
5,1.75,3290,1.5,602000
4,2.25,2110,2,565000
3,2.5,1670,2,373000
3,2.25,2030,1,588000
3,1,1500,1.5,485000
3,2.25,1450,2,482500
4,1.5,1310,1,251200
5,3.25,4180,2,869000
3,1.75,1630,1,464000
4,2.5,2660,2,755000
3,2.5,1720,2,280000
2,2.25,1260,3,485000
3,1.75,1610,1,305000
2,1,680,1,110700
4,3.5,2640,2,850000
3,2.25,1640,2,350000
4,1.75,2310,1,319950
3,1.75,2010,1,700000
2,1.5,1660,1,368000
3,2.5,2200,2,433500
4,2.5,2460,2,611000
2,1.75,2430,1,1000000
3,1,1370,1,307000
3,1.75,1800,1,442500
3,1.75,2200,2,485000
2,1,700,1,367000
3,2.5,1920,2,429000
5,2.75,2190,1,446000
3,2.25,2030,1,572500
3,2.5,1350,3,477000
3,2.5,1680,2,518000
5,1.75,1250,1,462000
4,3,2240,1.5,1190000
3,1,950,1,137000
3,3.5,2320,2,530000
2,2.5,2380,1,818000
2,2.25,1540,3,640000
5,3,2100,1,298450
4,2.5,2500,2,575000
4,2.5,3230,2,730000
3,2.5,2830,2,551000
2,1,870,1.5,271310
4,3,2690,1,675000
3,2.5,1260,3,479000
4,3.5,2680,2,520000
3,2.5,2660,2,599950
2,1.75,1480,1,483945
4,2.25,1770,1,390000
2,1,950,1,192500
2,1,860,1,330000
4,2,1960,1,250000
2,1,1770,1.5,243000
4,1.75,1280,1,575000
4,2.5,2150,2,639000
2,1,1790,1,710000
3,2.25,1990,2,675000
5,2.5,2430,2,405000
4,2.75,2820,1,615000
3,1,1910,1,490000
3,2.25,1270,2,467000
4,2.75,2050,1,480000
6,2,2150,1,755000
4,1.75,2450,1,760000
2,2.25,1230,2,387000
4,2.25,2260,1,925000
2,1,1050,1,415000
3,1.75,1570,2,263000
4,2,1820,1,519900
2,1.75,1540,1,570000
3,1.5,2060,1,450000
4,3.5,4380,1,1300000
3,1,1090,1,300000
3,1.75,1480,1,320000
4,1,1320,1.5,387500
1,2.25,2140,1,458000
4,3.5,4560,1,1212500
4,3,2800,2,380000
3,1,1050,1,200000
3,1.5,1490,1,385000
2,1,1730,2,396675
4,1,1210,1.5,452000
4,2.5,2800,2,426000
3,1.5,1570,2,792000
3,2.25,1400,1,315000
4,2,2850,1,1275000
6,3,1880,1,326000
2,1,790,1,268500
2,1.75,1300,2,440000
3,1,2120,1,300000
3,1.5,1540,2,525000
4,2.75,2620,1.5,978000
6,3,2880,2,1125000
4,1,1680,1.5,700000
2,1,790,1,315000
3,1,1092,1.5,309000
3,1.5,1650,1,219950
3,2.5,2090,2,289000
4,1.75,2180,1,210000
4,2.5,1990,2,260000
4,2.5,2650,2,699000
4,3.5,4460,1,1800000
3,1,910,1,299950
3,2.5,2770,2,749950
3,2,2390,2,1100000
3,2.5,3050,1,555000
3,2.5,1700,2,384000
5,3.5,3200,2,499950
3,1.75,1200,1,430000
4,2.25,2220,2,350000
3,2.5,2480,2,620000
4,2.25,2560,1,765000
4,1.5,2500,1,250000
2,1,1150,1,376000
4,1.75,1650,1,475000
3,1.75,1140,1,120750
3,1.75,3400,1,1690000
3,1,1180,1,330000
3,2.5,1700,2,619500
3,1.5,1240,1,345000
5,2.25,2890,2,598000
3,1,1060,1,335000
4,1.75,1590,2,372500
6,5.25,2860,2,300000
1,1,820,1,194000
3,2,2020,1,507500
4,2.25,1870,1,325000
3,2.5,2170,2,329900
4,2.5,1600,1,329000
4,1.75,2090,1.5,494000
4,2,1700,1,206000
4,1.75,1940,1,423000
3,1,1320,1,259000
4,2.25,3500,1,879950
5,3.5,2800,2.5,345600
3,1.5,1080,1.5,395000
4,2.5,3550,2,625000
3,2,2010,2,439000
3,1.75,1690,2,380000
3,1.5,1270,3,440000
3,2.25,1970,2,415000
4,2.75,3160,2,860000
3,2.5,1210,3,500000
4,3.5,3120,2,953007
4,2.5,2670,2,515000
3,2.25,1640,3,772000
4,2.5,2303,2,329995
3,2.5,1800,2,409316
5,3.5,4460,3,490000
2,2.5,1590,2,305000
4,3.5,3070,2,785000
2,1.75,1330,1,240000
3,1,990,1,325000
4,2.5,1900,2,535800
3,2.5,2020,3,720000
3,1.75,2000,1,374000
2,1.75,1100,1,189650
1,1,960,1,420850
4,2.75,3488,2,815000
2,1.75,1890,2,1065000
4,2,2030,2,199000
3,1.75,1380,1,195000
4,3.25,3660,2.5,1506000
3,2.25,1870,2,288400
4,2.25,2080,1,442000
4,2.75,2450,2,619420
4,2.25,2750,1,635000
3,1,1240,1,210000
3,2.5,1900,2,512500
3,2.5,2540,2,567000
3,2.75,2100,2,525000
4,2,1790,1,475000
3,2,1170,1,250000
3,1,1060,1,220000
5,2,1930,1.5,230000
3,2,1540,1,385500
5,3,2876,1,895000
3,2.5,2150,2,368250
2,1,1140,1,249900
3,1.5,980,1,350000
3,1.75,1230,1,175000
3,1.75,1390,1,270000
3,3.5,2380,2,495000
3,3.25,3690,2,1580000
5,3.25,3010,1.5,542500
3,1,1250,1,330000
4,2.75,2290,2,1003000
2,1,790,1,299800
3,2.5,2720,2,299900
4,2.75,2550,1,691000
2,1,1080,1,195000
3,1.75,2470,1,405000
2,0.75,850,1,360000
3,2.5,1990,1,256750
3,2.25,1800,2,332500
5,4,4850,2,975000
3,1,1020,1,218000
3,2.5,2420,2,429000
4,2.5,2910,2,589000
3,1.5,1060,1,255000
4,2.5,2340,1,668750
4,2.75,1800,1,344500
4,2,1660,1,452000
3,1.75,1300,1,540000
3,1.5,1780,1,246000
2,1,1030,1,535000
4,3.25,2790,1,970000
3,1,1150,1,430000
4,2.5,3290,2,520000
4,2.5,3400,2,712000
2,1,1200,1,450000
4,2.5,2160,2,220000
3,1,1450,1,525000
4,2.5,3240,2,1220000
3,2,1470,2,540000
4,2.5,2360,2,600000
3,2.25,2230,2,600000
4,2.5,2630,2,625000
3,1,1010,1,150000
3,2.25,1445,2,389999
3,1.75,2380,1.5,285000
4,2.75,2830,2,744000
4,2.5,3010,2,700000
4,2.25,2000,1,318989
3,2.25,2020,2,556000
3,2.5,2030,2,275000
3,2.75,2550,2,430000
2,1,970,1,300000
3,1.75,1540,1,396450
2,1,1396,1,225000
4,3.25,2780,2,700000
6,2,2220,1,260000
4,3.5,2350,2,655000
3,2.25,2760,2,1185000
3,2.5,4460,2,1550000
3,2,1440,1,413800
5,3.75,5330,2,950000
4,2.5,2220,2,334990
5,4.75,5305,2,2700000
3,4,3880,2,1030000
4,3.25,3810,1,1130000
3,3,1960,2,556000
3,2.5,1530,3,360000
4,2.25,3250,2,480000
3,2.5,1750,2,324000
4,3.25,3440,2,1050000
1,0.75,1170,1,275000
3,1,870,1,180000
4,2.5,2930,2,749000
3,2.5,3160,1,1600000
2,1,800,1,373500
4,2.5,2350,2,770000
2,1.75,1060,1,356000
3,1.75,2060,1,625000
2,1.75,1560,1,494400
4,1.75,3000,1,585000
3,1.5,1660,2,926300
3,1.75,1650,1,600000
4,3,3220,2,430000
3,1.5,2320,1,307000
4,2.75,2750,1,604700
3,1,910,1,219900
2,1.5,840,2,270000
3,2.25,1470,2,432000
6,2,2040,1,300000
3,1,1100,1.5,361000
2,1,940,1,249950
3,2,1110,1,320000
4,1.75,2200,1.5,305000
2,1.75,2860,1,503000
2,1,740,1,235750
4,1.75,2740,1,657000
3,1,1250,1,385000
4,2.5,3140,2,389950
2,1,820,1,150000
4,2.75,2570,2,254500
4,2.25,2350,1,555000
4,3,3600,1,1075000
4,2,1580,1,245000
2,1,1070,1,319950
3,1,1070,1,337000
4,2,1640,2,492000
3,2.75,2890,2,1170000
3,1,1220,1,348580
2,1,1400,1,180000
3,1,1040,1,400000
4,2,980,1,295000
4,3.25,3340,1.5,910000
6,4.5,6040,2,1150000
3,3.5,1900,2,431500
4,1.5,1740,1,180000
3,2,2000,1,677000
3,1.75,1610,1,1180500
4,2.5,3240,1,635700
5,2.25,2230,1,482000
2,2.5,1160,2,168000
4,2.75,2410,1,805000
2,1,590,1.5,398000
4,2.5,2600,2,665000
4,3,2170,1,592500
4,2.75,2080,1.5,940000
4,2.5,2860,2,655000
4,2.5,2980,2,622500
2,2.5,1230,2,380000
4,1.75,2260,1,648360
3,2.75,2200,1,432000
4,2.5,3030,1.5,1050000
2,1,1060,2,353250
4,3,4260,2,1000000
3,2.25,998,2,320000
4,2.5,2052,2,349900
4,3.5,3150,2,330000
3,2.25,1950,1,408000
3,2.25,1347,3,321000
4,3.75,3860,2.5,1051000
4,5.5,5060,2,2150000
3,1.5,1360,3,359000
5,2.5,2760,2,300000
5,3.5,2420,2,380000
3,2.5,2450,2,660000
3,2.25,1280,3,355000
3,2.5,1550,2,259000
1,1,550,2,353000
2,2.5,1520,2,430000
3,1,1670,1.5,460000
1,0.75,430,1,80000
4,2.5,2380,2,782000
3,1,960,1,218000
3,1,1920,1,325000
4,3,3680,1,980000
4,2.25,2530,1,902000
5,2.5,3840,2,556000
3,1.75,1240,1.5,662990
2,1,1300,1.5,225000
4,2.5,2380,2,439950
2,1,1300,1,175000
2,1,780,1,306000
4,2.5,1810,1,235000
3,1.75,2420,2,399500
3,1,1280,1.5,478000
2,1,1680,1,515000
3,2.5,2510,2,550000
3,1,1700,1,149000
3,1.75,1680,1,526000
1,0.75,820,1,527550
3,4,4380,2,1050000
3,2.5,2600,1,625000
5,3.25,3400,2,950000
5,1.75,2120,1,377691
4,2.75,2250,1,648475
3,1,1800,1,383000
3,2.5,2210,2,535000
3,2,1560,2,449950
4,2.75,2430,1,465425
4,2.5,2560,2,675000
3,2.75,1960,1.5,599000
3,1.5,1110,1,416000
2,1.5,1030,1,595000
4,1,1350,1,200000
3,2,1540,2,402000
4,1.75,1830,1,433000
4,1.5,1930,2,275000
3,2,1650,1.5,410000
4,2,3510,1,554820
4,3,3370,1,1325000
3,2.5,2390,2,735000
3,1,1230,1,607000
4,3,2830,2,549900
3,1.75,1620,1,258000
4,4,2290,1.5,661254
4,2,2840,1,945000
4,3.5,4220,2,799950
3,1,1080,1,132500
3,1.75,1620,1,467100
4,3.5,4390,2,1610000
3,1.75,1620,1,641000
3,1,1010,1,350000
4,2.5,1750,1,335000
3,3.5,4080,1.5,900000
4,2.5,2560,1,440000
3,1.75,1120,1.5,464600
4,3.5,4740,2,1200000
2,1,1340,1,300000
4,2,1590,1,670500
3,1,1430,1,552000
4,1,1450,1,244000
4,2.75,3500,2,788600
3,2,1630,1,445000
4,1.75,1814,1,530000
2,1,580,1,90000
3,2,1670,1.5,585000
2,2,1140,1,498000
2,1,800,1,379000
3,1.75,1300,1,462000
4,2.5,2440,2,388000
3,2,1490,1.5,255000
3,2.75,1800,1,665000
3,2,1830,1,550000
3,1,1500,1,606000
4,2.5,2210,1,334000
3,2,1270,3,360000
2,1,1140,1.5,235000
3,2.5,1620,3,580000
3,2,1220,3,355000
2,2.5,750,2,375000
4,1.75,1960,1,372000
3,1,1370,1.5,479000
5,4,4580,3,2000000
4,4.25,5584,2,1680000
2,1,1010,1,501000
3,1.75,1260,1,245000
3,2.5,1740,2,496700
4,1.5,2670,2,347000
2,1,720,1,199000
3,2.5,2460,2,440500
4,2.5,3670,2,820000
4,3.5,2630,1.5,325000
3,1.75,1570,1,195000
3,3,2980,1,675000
3,2.5,1560,2,295000
3,2.5,1620,1,355300
3,1,1140,1,276000
2,1.5,2730,1,460000
3,2,2130,1,880000
3,2.5,1780,2,370000
4,2.5,2100,2,346000
3,1,1140,1,172500
3,1.5,1690,1,379950
2,1,1160,1,468000
4,2.75,1720,2,477000
3,1,1210,1.5,529000
3,1.5,1255,3,312000
2,1,880,1,326100
3,1,1050,1.5,360000
3,1.75,1650,1,438000
3,1,1570,1,360000
4,2.5,2920,1,1050000
4,3,3000,1.5,688000
3,1.75,1850,1,585000
3,2.5,1440,1,265000
3,1.75,1440,1,375000
3,1,1810,2,326500
2,1,1180,1,160000
4,3.75,3070,2,1570000
5,2.75,3390,2,735000
2,1,1470,1,400000
4,2.5,2680,1,800000
4,2.25,2290,2,949880
3,1.75,1980,1,405000
4,2.5,2870,2,399000
3,2,1840,1,730001
4,3.25,4060,2,1795000
3,2,1630,1,260000
2,2,1880,1.5,751750
3,1.75,1780,1,325000
4,2,2330,1,344950
3,1.75,1840,1,457500
5,2,2330,1,389000
4,2.5,3200,2,515000
3,2.5,2330,2,732000
3,2.25,1950,1,415000
4,3.5,3080,2,1655000
2,1,1040,1,535000
4,4.25,1960,2,540000
5,3,2750,1.5,525000
3,1.75,1930,1,570000
5,4.5,4850,2,569950
4,2.5,1982,2,283200
3,2.75,2640,1.5,1100000
4,2.5,1850,1,830000
4,2.25,1940,1,495000
5,3,2840,1,292050
5,1.5,1900,1,415000
5,1,1410,1,295832
4,2.5,2520,2,450000
4,3.75,3160,2.5,1381000
4,3,3720,2,857000
3,3.5,1820,2,499950
3,2,1560,1,465000
3,1,1600,1,329000
3,2,1230,1,475000
3,1,960,1,255000
3,1,1270,1.5,435000
3,2.5,2810,2,685000
2,2.5,2160,1,715000
3,3,2520,1.5,780000
2,1.5,1180,2,345000
4,2.25,1810,2,355000
3,2.5,1680,1,282000
3,1,910,1,244000
3,3.75,3250,2,967500
3,1.5,2000,1,375000
3,3.25,3790,2,1600000
3,1.75,2310,1,527500
3,2.25,2510,1.5,994000
3,1.75,1320,1,313000
3,2.25,2370,2,587000
3,1,900,1,304000
3,2.5,2540,2,675000
4,1,2100,1,305000
3,1,1200,1,280000
5,4,3720,2,960000
3,2.25,1760,2,500000
3,1.75,1670,1,274950
3,2.5,2420,2,455600
5,3,3480,2,970000
4,2.5,1630,2,312900
4,2.5,2340,2,535000
2,1,920,1,427000
2,1,910,1,405000
3,1,1150,1,480000
3,1.5,2500,1.5,725000
4,2.5,3250,1,293000
4,2,1930,1,268000
4,3.5,3400,2,475000
3,2.5,1590,3,488000
4,2.5,3330,2,760000
5,4.5,4590,2,1710000
3,2.5,2610,2,754950
3,2.5,1658,2,263900
3,3.5,1600,2,460000
3,3,1296,3,399950
2,2.25,1280,2,370000
4,3,5940,2,1149000
4,3.25,2510,2,450800
3,3.5,2710,2,627000
3,2.5,1750,3,495000
3,1,1430,1.5,310000
4,1,1660,1,550000
2,1,1320,1,215000
4,3,2580,2,799000
4,2.5,2740,2,630000
3,2.5,2495,2,267000
6,2.75,2300,1.5,900000
3,1.5,1300,1,365000
4,2.5,2230,1,544500
4,2.75,2020,1,599000
4,2.25,2000,2,815000
2,1,1060,1,254000
2,1.75,2080,1,740000
3,2,2030,1,225000
3,2.5,2690,2,925000
4,2.5,3240,1,1285000
3,2.5,1550,2,537000
4,2,1480,1,335000
4,2.75,3040,2,840000
3,1.5,1560,1,224000
3,2.5,2250,2,395000
3,1,1100,1,450000
3,1,1700,1.5,681000
5,1.5,2680,1,898000
3,1,800,1,370000
2,1.75,1350,1,429000
3,1,820,1.5,150000
3,2.5,3160,2,555000
3,2.75,1720,1,326000
3,2.5,1680,2,225000
3,1.75,1300,1,245100
3,2.5,2190,2,665000
3,2.5,1720,2,535000
3,1,1160,1,305000
7,4,3150,1,999000
3,1.75,1210,1,215000
3,1.75,1980,1,432500
4,2.5,2990,2,655000
3,1.5,1430,1,266200
3,2.5,2060,2,244615
4,3,2230,2,460000
4,2.5,3090,2,370000
6,3.25,4250,1,465000
3,2.5,1970,1,1175000
2,2,1700,1,189000
3,2.5,2510,2,820000
6,2.75,3610,1,968000
4,3.25,2980,2,1400000
3,1.75,1610,1,438750
4,2.75,3650,2,1210000
4,2,2510,1,600000
3,1,1110,1.5,589000
3,2,1650,2,590000
3,2,1980,1,479900
2,1.5,880,2,210000
3,1.75,1490,1,745000
3,2,2520,1.5,840500
3,1.75,1820,1,420000
7,4.5,4140,1,565000
4,2.5,3420,2,840000
4,2.5,3150,2,681716
3,1.75,1580,1,600000
3,2,1660,1,380000
3,1,1100,1,168500
2,1,1270,1,355000
4,1,1450,1,277000
4,2.25,1830,1,236000
3,1.75,1300,1,270000
2,1.75,2320,1.5,700000
4,2.75,1680,1,425000
3,2.5,2300,1.5,635000
3,1.75,1400,1,510250
4,2.25,2410,2,960000
3,2,1480,1,254000
3,1,1390,1.5,299000
2,1,830,1,175000
2,1,740,1,157500
5,2,1940,1,580000
3,1,1340,1,124740
8,3.5,4440,2,1970000
2,1,800,1,285000
3,1.75,1310,1,242000
4,1.75,2330,2,840000
2,3.25,1400,3,474800
4,2.5,2360,2,490000
3,2.25,1840,2,465000
4,2.5,2680,2,515000
3,3.75,3890,1,430000
3,2,1400,1,253400
3,2.5,2400,1,355000
4,2.25,2920,2,740000
2,2,1390,2,186950
3,2.5,1680,2,306000
4,1.5,2040,1,510000
2,1,1080,1,345000
3,2.75,2280,1,875000
4,3.5,4490,2,700000
4,3.25,4700,1,1400000
4,2.5,2798,2,499950
3,2.5,2810,2,739000
4,2.5,3753,2,363000
4,3.5,3910,2,782000
2,2.5,1050,2,325000
4,1,1600,1.5,485000
4,2.25,2590,1,452000
4,2.25,1720,1,264950
6,2.5,4410,1,472000
3,1.75,1590,1,267500
4,2.5,2440,2,565000
3,2.5,1360,3,535000
2,1,910,1,389000
4,1.5,1390,1,400000
3,1.5,1470,1,264000
4,2.5,2920,2,690000
3,1.75,1950,1,412000
3,2.5,2390,2,695000
3,1.5,1270,1,246500
2,1,950,1,230000
2,1,900,1,302000
4,2.25,2280,1.5,820000
3,1,1010,1,145000
2,1,1260,1,436500
4,3.5,4730,1.5,2453500
3,2.5,2620,2,672000
3,2.25,2330,1.5,680000
5,3,2170,1.5,750500
5,2,2450,1,550000
4,1.75,1880,1,266500
4,2,2300,1.5,619000
3,2,1240,1,405000
2,1,820,1,300000
4,2,1530,2,231000
5,3.25,2900,1,790000
4,2.75,1240,1,400000
4,3.5,4140,2,950000
4,2,2240,1,450000
3,2,1480,1,595000
3,2.25,2270,1,332000
3,1,1250,1,155000
5,2,1930,1,400000
4,1.75,1700,1,349000
3,1,1590,1,529000
5,1.75,1880,1,405000
4,1.75,1640,1,635200
3,1.5,2600,1,540000
2,1,710,2,402000
6,4.25,6980,3,3100000
3,1.5,1460,1,329932
3,2.5,2080,2,300000
5,2.5,2630,2,525000
4,3.25,4430,2,2750000
4,2.5,2760,2,602500
4,2,1670,1,400000
4,1.75,1990,1.5,445000
3,3,2600,1.5,525000
2,1,1320,1.5,395000
3,1.5,2240,2,510000
4,2.25,1960,1,723000
3,2,2590,2,503000
4,2.75,2620,2,672500
3,2.5,2770,2,860000
3,1,2110,1,475300
4,2.5,2290,2,295000
4,4.25,4960,2.5,1425000
2,1,1110,1,250000
4,2.75,3310,2,658000
2,1,900,1,83000
3,1.75,1940,1,685000
3,1.75,1590,2,210000
3,2.5,2930,2,650880
4,2.5,2040,2,350000
2,2.25,1000,3,305000
3,3.25,1730,2,645000
3,1,1220,1,385000
3,2.25,3060,2,860000
4,2.5,2910,2,395000
3,1.75,1050,1,260000
3,2,1560,1,196440
3,1.75,1680,1,425000
4,3.25,4140,1,2400000
3,2,1550,1,369000
6,2.75,5700,1,1385000
3,2.5,2200,2,349900
2,2.5,1740,2,650000
3,1,1210,1,299950
4,3.25,4240,2,625000
3,2.25,1590,1,190000
4,1.75,3420,1,715000
4,2.5,3190,1,659000
3,1.75,1920,1,490000
2,1.75,1340,1,415000
3,1.75,1700,1,750000
4,2.5,2310,1.5,700000
3,1.75,1510,1,425000
3,2.5,2670,1,642000
4,2.25,2060,1,655000
3,2.5,2090,1.5,1365000
5,2.5,3090,1,458000
2,2.5,1240,2,330000
3,2.5,1860,2,384950
3,1.5,2000,1,560000
4,1.75,2500,1,950000
4,2.25,1820,1,465000
3,2.25,1820,1,425000
3,2,1060,1,315000
3,2.5,1950,2,530000
2,1,940,1,399000
2,1.5,1220,1.5,168000
5,3.5,4180,2,1886700
3,1,1200,1,374000
5,3.75,3990,2,740000
2,1,1880,1,280000
4,2.5,2280,2,322000
3,1.75,2580,1,459900
4,2.75,2600,1,750000
4,2.5,3150,2,1256500
4,3.5,5550,2,3710000
5,2.75,2220,1,427000
2,2.25,1730,2,800000
4,3,2840,1.5,735000
4,2.5,2560,2,642000
3,2,1330,1,240000
2,1,1890,1.5,645500
7,4.5,4290,1.5,840000
2,2,1540,2,475000
4,2,2340,1,568000
3,1.75,2180,1,325000
3,2.5,2780,2,825500
4,2.75,2620,2,499431
4,3.5,3760,2,919204
4,2.5,2720,2,545000
3,2.25,2675,2,660000
5,2.75,2080,2,538888
3,2.5,2460,2,693000
3,2.5,1960,2,289950
4,2.5,2550,2,587000
3,2.25,1760,3,615000
3,1.75,1620,1,459000
3,1.75,1790,1,243000
4,3.5,3480,2,1505000
4,1.75,2780,2,660000
5,3,3640,2,1595000
1,1,750,1,250000
3,1,960,1,315000
3,1.5,2030,1,404000
3,2.75,2930,1,559900
2,2.5,1380,2,285000
3,2,1720,1,500000
2,1,1210,1,380000
3,1,950,1.5,469000
2,1.75,1710,2,405000
2,2,1410,1.5,439900
4,2.5,2910,2,525000
4,2.5,2220,2,580000
5,3.25,3160,2,1250000
3,2,1380,1,275000
3,2,1760,1,629000
1,1,730,1,395000
4,2.5,2460,2,965000
3,1.75,2160,1,820000
4,2.25,1990,1.5,661000
3,3,3740,2,789000
4,2.5,2710,2,668500
3,2.5,2680,2,350000
4,2,1850,1,250000
4,2.5,3190,2,725995
3,2.5,2730,2,1000000
3,1.5,1840,2,686000
4,2.5,2720,2,665000
4,3.5,4370,2,1965221
3,2.5,2290,2,653000
2,1,990,1,430000
2,1.5,1140,2,305000
4,1.5,1840,2,809000
2,1,1110,1,440150
4,2.5,2150,2,615000
3,2.5,2230,2,1035000
2,1,1170,1,455000
3,2.5,1960,1,635000
3,2.25,2610,2,675000
3,2.25,2130,1,316000
3,2.25,3020,2,955000
3,1.75,1670,2,985000
3,1.75,1890,1,465500
3,1,950,1,305000
4,2.5,2430,1,645000
4,2,2360,1,730000
3,1.75,1510,1,366000
3,2.5,2080,2,290000
3,2,1750,1,472500
3,2,1810,1.5,550000
4,1.75,1790,1,410000
4,2.75,2340,1,440000
3,2.5,1690,2,535000
4,2.5,2070,2,300000
3,2.5,2240,2,432500
4,3,4500,2,870000
3,1.75,2770,1,492000
3,1,1010,1,199950
3,1.5,1120,1,439800
5,2.5,3020,1,320000
4,3.25,4400,2,687000
3,1.75,1990,1,345000
3,1,1450,1,274950
4,2.5,1920,2,270000
2,2.5,1175,2,342000
3,1.5,1320,1,327000
5,2.5,3990,1,610000
2,1,1140,1,455000
4,1.75,1720,1.5,540000
4,2.75,2150,1,411000
3,1.5,1790,1.5,544000
2,2.5,2210,1,802000
3,2.75,2180,1,568500
3,2.25,1410,2,391000
3,2.5,1950,2,298000
3,2.5,1495,3,400000
3,2.25,1660,1,425000
3,2.5,1950,2,328500
5,2.75,2550,1.5,650000
3,1.75,1370,1,850000
4,2.5,2200,2,930000
3,1.75,1250,1.5,530000
4,2.25,2220,1,495000
3,1.75,1620,1,500000
3,1.75,2250,1,325000
3,2.5,1720,2,365000
4,2.5,3030,2,471000
3,1,1030,1,223000
3,2.5,2190,2,503000
3,2,1440,1,230000
4,2.5,2170,1,550000
4,3.75,2930,1.5,1100000
3,1.5,1180,1,193000
4,4.25,2360,2,590000
3,1.5,1660,1,712500
3,2.75,2390,1,689800
3,2,1360,1.5,430000
3,2.25,1840,1.5,785200
3,2.25,1800,1,474900
4,3.75,4130,2,1070000
3,1.75,2220,1,435000
5,3.5,3490,2,941500
4,2.5,1830,2,312000
4,2.75,1550,1.5,835000
3,2,2050,1,713250
2,1,1230,1,440000
4,2.5,3150,2,580135
3,2.25,3800,1,575000
3,2.5,1350,2,613000
3,2,1530,1,235000
3,2.5,2290,3,660000
2,1.5,1480,1,280000
3,1.75,1970,1,268000
2,1,720,1,235000
3,2,1080,1,390000
4,2.5,2790,2,654950
5,2.75,2040,1,449500
3,1,1320,1,150000
3,2.25,1680,2,440000
3,2,2140,1,710000
3,1.75,1660,1,420000
3,2.25,1540,1,312000
3,2,1880,1,320000
3,1,1250,1,235000
5,2,2120,1.5,437000
3,1.75,1810,1.5,545000
3,2.5,2370,2,640000
3,2.5,1970,2,432000
3,2.5,2110,2,548000
3,3,2080,1.5,830000
4,2.25,3720,1,875000
2,1.75,1370,1,409950
4,2.5,2961,2,695000
3,2.25,2090,2,562100
3,2.5,2600,2,475000
3,2.25,1870,1,425000
4,2.5,2620,2,600000
3,2.5,2430,2,770000
3,1.75,1340,1,239000
2,1,1170,1,295000
3,1.75,2000,1,560000
5,2.5,2070,1,613000
4,3,4590,2,960000
5,1,2550,2.5,847000
3,1,1060,1,206000
2,1.75,1220,1,253000
4,2.25,1790,1,430000
3,2,2060,1,605000
2,2.5,1140,3,425000
4,2.5,2870,2,720000
6,1.5,2550,1,375900
4,3.5,2790,1.5,1298000
3,1,1110,1,210000
2,1,940,1,234000
3,1.75,2880,1,285000
3,1.5,1200,1,400000
3,1,1030,1,718000
2,2.5,1240,2,174500
3,2,1200,1,222400
3,3.25,2780,2,402500
3,2.25,1765,2,250000
4,2.5,1960,1,600000
2,2.5,2680,1,930000
3,2,1410,1,272500
4,2.5,2240,2,363990
4,2.75,3120,2,575000
3,2.25,1450,2,400000
3,3,2340,2,427874
5,2.75,2481,2,309000
3,3.25,1530,2,320000
3,2.25,1250,1,390000
1,0.75,560,1,299000
4,1.75,2200,1,375000
3,1.75,1460,1,240500
3,1.5,1650,1,320000
5,2.5,3200,1,1270000
3,2.25,2560,2,658588
3,2.25,2080,1.5,270000
3,1,1070,1,327500
3,1.75,2190,2,340000
3,1.5,2060,1.5,200000
3,1.75,2640,1,1025000
3,2.5,1720,1,275000
5,3.5,3880,2,1126000
2,1,960,1,280000
3,2.5,2340,1,485000
3,2.5,2660,2,1901000
3,1.75,2090,2,865000
3,2.5,1820,2,532000
4,2.5,2310,2,364950
3,1,920,1,212500
1,1,790,1,135000
2,1.75,1500,1,437000
3,1,1240,1,390000
4,2.5,2730,2,760000
3,1,1170,1,119500
5,3.25,3410,2,2400000
4,2.5,2700,2,837500
4,1.75,1650,1,327500
2,1,670,1,175000
3,2,1670,1,289950
3,1.75,1530,1,400000
3,2.25,1500,1,219950
4,1.75,1720,1,161700
5,3,2920,2,500000
3,1,910,1,465000
3,1,1050,1,540000
3,2,1540,1,525000
3,1,1210,1,324950
5,2.5,2650,1,565000
3,2,1990,1,760500
5,2.75,2660,1,1100000
4,2.5,4060,1,603500
5,2.5,2300,1,453500
6,2.75,2630,1,583000
2,1,770,1,275000
4,2.75,3790,2,875000
4,2.75,2540,1,335000
4,2.25,2500,1,646000
4,2.5,2150,2,392500
3,1.75,1670,1,785000
3,2,1800,1,470000
3,2.5,2070,2,560000
2,1,830,1,519000
3,2.25,2370,1,746000
3,1,1010,1,317000
3,1.5,1420,1,371000
4,2,2120,1.5,250000
4,1.75,2020,1,532000
3,2.5,1520,2,499950
2,1,820,1,375000
3,2.5,1690,2.5,640000
3,2,2260,1,400000
3,2.25,1830,1,572000
3,2,1350,1,310000
5,3.5,3280,2,989000
4,2.5,2770,2,685000
4,2.5,2770,2,907500
4,2.5,2460,2,427500
3,3.25,4720,2,860000
2,1,1250,1,365000
3,2,1710,2,250500
3,1.75,1840,1,411715
4,2.5,2000,2,415000
1,1,650,1,129000
3,1.5,1020,1,489000
2,1,1500,1,170000
3,2.5,2060,2,418500
3,1.5,1810,1,261000
6,4.5,3810,1,2005000
2,1.75,1650,1,355000
3,3.25,1540,3,742000
3,1.5,2080,1,399950
3,2.25,2430,2,791000
5,2,1750,1,190000
3,1.75,1770,1,229500
3,2.5,1710,2,539000
4,2.25,2740,2,549000
5,2.5,2730,1,545000
3,2.5,2437,2,285000
4,2.5,3290,2,648000
4,3.5,2910,2,610000
3,2,1630,1,767450
4,3,4410,2,765000
3,2.5,1780,3,586500
3,3.25,1540,2,520000
3,1.75,1420,3,455000
3,2.5,2680,1,653000
3,2,1750,1,279950
3,2.5,2170,2,449950
3,2.75,2390,1,565000
4,2.25,2400,1.5,620000
3,1,1690,1,269000
3,3.5,3250,2,875000
4,3.75,4610,1,630000
4,2.75,2440,2,425000
3,1.75,1290,1,647500
4,1,2000,1.5,450000
3,1,1050,1,440000
4,2.5,2340,2,445000
4,2.25,2210,2,530000
5,2.5,2920,2,875000
3,2.75,3150,2,685000
3,3.5,3590,2,798000
4,2.5,1910,2,297500
4,2.75,3110,2,749950
5,3,2440,1,495000
4,2.25,1330,1.5,540000
3,1.75,1460,1,395000
6,4.5,3902,3,1300000
5,4.75,5180,2,1075000
2,2.5,1150,2,214100
4,1.5,1920,1,210000
3,2.5,2520,1.5,499500
2,1,970,1,546000
5,2.5,2490,1,292000
3,2,1680,1,289000
3,1,1150,1,240000
4,3,1980,1,395000
4,2.25,2070,1,795000
4,4.25,5660,2,955000
4,2.75,2420,1,725000
4,2.5,2610,2,335000
4,3.75,2810,2,492000
3,2.5,1510,1,250000
3,1.75,1910,1,700000
3,1.75,1700,1.5,545000
4,2.75,2020,1,555000
3,1.75,2340,1,640000
3,2,1463,3,390000
3,1,1430,1,466500
3,1.5,1180,1,372500
5,4.5,4400,2,1800000
3,2.5,1610,2,255000
3,2.5,1480,2,466800
3,2.5,2670,2,749000
4,1.75,1830,2,610000
2,1,920,1,356000
3,1,1150,1,165000
2,1,1190,1,229000
4,3.25,4160,2,530000
3,2.5,2370,2,499950
4,1.75,1660,1.5,619000
3,2.5,1480,1,547000
4,2.5,2390,2,359800
3,3.5,1690,2,499000
3,1,1010,1,189000
4,3.5,3500,2,799000
4,2.75,2330,1,257000
3,1.5,1890,1,270000
4,1.75,2000,1,453500
3,1,1130,1,237000
4,1.75,1670,1,456000
3,2.5,2600,2,355500
4,1.75,1560,1,299950
3,2,1170,1,335000
4,2.5,2100,2,268500
3,2.25,1710,1,385000
4,2.75,2420,2,376000
4,2,1370,2,605004
4,2,2660,1.5,886000
4,2.5,2260,2,560000
4,2.5,2070,2,343000
4,5.25,4670,2,1415000
3,1,1500,1,270000
4,2.5,2658,2,411605
4,2.5,2700,2,550000
3,2.25,1530,2,465000
3,2.5,1480,2,584000
3,3,1390,2,275000
3,2.5,1660,2,324500
3,2.5,2050,2,700000
4,1,1550,1.5,385200
4,2.25,1900,1,270000
4,2.5,2820,2,735000
2,1.5,1490,1,389250
3,1.5,1750,1,315000
4,2.5,2040,2,545000
3,1.5,1900,1.5,550000
3,1.75,1910,1,415000
3,1,1560,1,387500
3,1.75,1470,1,432000
3,2.5,2700,1,402000
4,3.25,3450,2,1035000
3,2,1970,1,294700
3,2.5,2670,2,744000
3,2.5,2550,2,715000
4,1,1720,1.5,500000
4,4,4270,2,1300000
3,1.5,2170,1,1150000
4,2.5,2840,2,650000
4,2.75,3270,2,435000
3,1.75,1480,1,510000
5,2.75,2440,1,525000
4,2.75,2880,1.5,920000
2,1,1730,1,200000
2,1,1260,1.5,435000
4,2,2230,1.5,809950
2,2.25,2460,1.5,1370000
4,1.75,2050,1,455000
3,2.5,2030,2,471000
2,1,810,1,253500
3,1,1840,1,185000
3,1.5,1730,2,535500
2,2,2280,1,835000
4,2.5,2630,2,589500
3,2.25,2270,1,680000
3,1.75,1020,1.5,360000
4,2.5,1990,2,595000
4,2.5,2680,2,300000
3,1.75,1980,1.5,660000
3,2.5,2400,2,570000
2,1,780,1,285000
3,2,980,1,435000
3,1,1210,1,160000
5,2.5,4600,1,805000
3,2.5,1480,2,450000
4,1.5,1320,1,510000
5,2.75,4400,1,1120000
4,3.5,3010,2,1280000
3,2,2260,1,539000
4,2,1880,2,407193
3,1.75,1370,1,320000
4,3,2720,2,739000
2,1.75,1740,1,452000
4,2.5,2560,2,600000
5,2.5,2690,2,279000
4,3,3240,2,895000
4,2.5,2430,2,585000
2,2,1405,2,405000
5,2.75,3030,2,837219
4,2.5,4150,2,969990
3,3,1730,3,490000
6,2.5,3820,1,611000
4,2.5,3070,2,462000
4,2.5,1780,2,540000
4,2.5,1811,2,260000
4,2.25,2450,2,510000
3,2.5,2300,2,567500
2,1,1440,1,445000
4,2.25,2370,2,684680
4,3.25,4420,2,2700000
3,1,1300,1.5,455000
5,3,2870,2,540000
3,2.75,3400,2,530000
3,1,1410,1,410000
3,1.75,1640,1,450000
4,2.5,3190,2,609900
4,2.5,2380,2,648000
3,2.5,2260,2,550000
3,1.75,1240,1,347000
5,3.5,4220,1,1635000
4,2.5,4250,2,1339000
3,1.5,1860,1,288350
3,2.5,2850,1,1150000
3,3,2470,2,525000
3,2.25,2210,2,250250
4,1.75,1920,1,341000
4,3,3150,2,700000
4,1.75,2700,1.5,390000
3,2.25,2190,1,539950
2,2.5,1380,3,552000
5,1.5,2520,1.5,250000
3,1.75,1300,1,502000
4,1.75,2220,2,480000
2,1,730,1,378500
4,3.25,3300,2,1350000
4,3.25,4130,2,1900000
3,2.5,2670,2,605000
4,2.5,1980,2,307550
2,1,740,1,304700
3,1.75,2050,1,568000
3,1.75,1230,1,385000
3,2.5,1210,3,345000
3,2.25,1890,1,435000
2,2,1870,1,579000
3,1.75,1330,1,236000
3,2,1590,1,305100
3,1.75,1710,1,368000
2,1,1200,1,255000
2,1,1140,1,400000
3,1.75,2240,1,440000
2,1,920,1,417000
2,1,800,1,435000
4,2.75,1980,1,475000
4,2.5,2800,2,563500
3,2.25,1680,2,285000
4,2.5,2330,2,471000
4,1.75,2240,1.5,500000
3,2.5,2140,2,640000
4,2.5,2170,2,442500
3,1.5,1150,1,213400
4,2.5,2030,1.5,831000
3,2,1350,1,325000
2,1,910,1,425000
4,2.5,2700,1,550000
4,3.5,3730,2,599950
4,2.5,2740,2,1225000
4,3.25,2050,2,750000
4,3,2390,2,290000
4,2.75,1990,1,270000
4,1.75,1300,1,229950
3,1,1330,1,234999
2,1,1000,1,265000
4,2.75,2190,2,367300
3,1.75,1380,1.5,550000
4,2.5,2610,2,743700
2,1.75,1060,2,352750
2,1,710,2,403950
4,2.5,2730,1.5,980000
4,1.75,2470,2,585000
3,1.75,1760,1,554000
3,2.5,1530,2,546000
2,1.75,1610,1.5,280000
2,2,1030,1,212500
4,2.5,2800,2,739000
3,2,1310,1,428000
4,2.25,3160,1,965000
3,3,2500,2,364900
3,1.5,2070,1,559000
4,1.75,1980,1,213000
3,2.5,2590,2,620000
4,1,1910,1.5,240000
3,2.5,2630,1,852500
3,2.5,2630,2,600000
3,2.5,1960,2,410000
3,1.75,1440,2,328000
3,1.75,2210,1,625000
4,2.5,2350,2,649950
3,1,1590,1.5,235000
3,3.5,1500,2,489000
3,2.5,1900,2,536000
4,3.5,2370,2.5,400000
3,2.5,1720,2,398000
4,1.5,2020,1,379000
2,1.5,1340,2,345000
3,2.5,1800,2,365000
3,2.5,1480,2,315000
4,2,2750,1.5,571000
5,4,3760,2,1025000
3,2.75,2540,2,695000
3,1.75,1760,1,225000
3,2.5,3000,2,740000
4,2.5,1930,2,315000
4,2.5,3040,2,1230000
2,1,860,1,420000
3,1.75,1420,1,310000
3,2,2080,1,700000
3,2.5,1560,2,269000
4,2.5,1960,2,369990
3,2.25,1620,2,800000
5,3,3670,1,569000
6,1.5,1930,1,175000
3,1.5,1290,3,440000
5,2.25,1970,1,435000
3,1.75,1540,1,345000
4,2,2180,1,558000
2,1.75,1490,1,475000
3,2,2220,2,490000
3,1.75,2430,1,335000
2,0.75,1392,1.5,350000
4,1,1120,1,100000
4,1,1390,1.5,417500
3,1.75,2040,1,253000
5,3,2830,2,1240000
4,2.5,3020,2,490000
3,1.75,2290,1,470000
4,2,1210,1,483300
3,2.5,2510,2,659000
4,1.75,2320,1,480000
3,1,970,1,165000
3,1.75,1820,1,659500
3,1,970,1,219900
2,1,1740,1,315000
3,1.75,1590,1,250000
2,1,1380,1,268000
4,1.5,1680,1,380000
2,1,1220,1,499000
2,2,1651,1,285000
3,1.75,1330,1,183000
3,3,2940,2,1070000
3,3.25,1410,3,429000
2,1,1100,1,403000
3,1.5,1530,1,375500
5,3.25,5270,2,1795000
3,2,2110,1,516200
4,1.75,1720,1,385000
3,2.5,1800,2,515000
4,2.5,2210,2,375000
4,2.25,2560,2,650000
2,1.5,1010,2,306888
4,2.5,3340,2,870000
4,1,1740,1.5,310000
3,2,1320,1,251750
3,1.75,1520,1,366000
3,1.5,2010,1,429950
3,3.5,2440,2,710000
5,2.5,2550,1,895000
3,1,1010,1,149500
3,2.5,1780,1,310000
3,2,2180,1.5,555000
5,3.25,2750,2,750000
4,3.25,3490,2,745000
3,2.5,2550,2,695000
3,1.75,1870,1,433000
4,1,1150,1.5,307000
3,1.75,2050,1,655275
4,2.75,1940,2,392000
5,3.75,3630,1.5,1180000
3,1.75,1890,2,359950
4,2,1630,1,360000
4,1.75,2440,1,566000
5,2.75,3100,2,700000
3,2.5,2090,2,415000
3,1,920,1,199500
3,1,1580,1.5,749000
3,1.75,1760,1,680000
4,2.5,2530,1,400000
4,2.75,2490,1,608000
4,4.5,3870,2,589900
5,2.5,2732,1,480000
5,3.25,3230,2,1059500
6,3.75,2930,2,915000
4,3.5,3510,2,695000
4,2.5,2580,2,899900
2,2.25,1060,2,499950
4,2.75,2790,2,533112
4,2.5,2009,2,303210
5,2.75,2880,2,525000
2,1,710,2,399950
3,2.5,2070,1.5,850830
3,2,1370,1,371500
3,1.75,1730,1,522000
4,2,1680,1,588000
2,1,1350,1,276900
5,1.5,1510,1,248000
3,2.5,1860,2,280000
6,5,3440,2,495000
6,3,4250,2.5,665000
2,1,860,1,290300
2,1.75,1640,1,527000
2,1.5,1295,2,487028
3,1.75,1790,1,325000
3,1.5,2210,1.5,799000
5,4.5,10040,2,7062500
3,1,940,1,354000
3,1.5,1160,1,262500
3,2.5,1990,2,560200
3,1,1050,1,220000
2,1,1030,1,650000
3,2.5,1420,3,435000
4,3.75,2690,2,800000
4,2.5,3760,2,1010000
2,1,700,1,200000
5,3.5,2100,2,295000
4,2.75,2240,1.5,580379
4,2.5,3470,2,875000
3,2.5,3370,2,515000
4,2.5,2790,2,599000
3,2.5,1870,2,285000
3,1.75,1520,1,290000
1,1.75,750,1,355000
3,1.5,1460,1,381000
3,2.5,2600,2,571000
4,2.5,3320,2,852600
5,2.5,2340,2,1085000
3,1,890,1,371000
3,1.75,1720,1,514000
3,1.5,1270,2,386000
4,2.5,2180,2,464000
4,2.25,2030,1,335000
4,2.75,2490,2,740000
4,1.75,1470,1,465000
3,2.75,2500,1,700000
3,3.5,4500,2,785000
3,3.25,1460,2,350000
1,1,620,1,148000
3,1.75,1550,1,530000
3,2.5,1430,3,349000
3,1.5,1360,1.5,240000
3,2.5,2210,2,330000
4,1.75,2460,1.5,735000
3,2.5,2180,1,545000
3,1.75,1570,1,214950
4,2.75,4140,2,657500
3,1,1140,1.5,476000
5,6.25,8670,2,2888000
2,1,800,1,110000
4,2.75,2414,2,292000
3,1,1160,1,317000
4,2.5,3170,2,455000
5,3.5,4210,2,1365000
3,2,2060,1,460000
3,2,1640,1,405000
2,1,720,1,333000
4,1,1860,1.5,427000
4,2.5,2810,2,742000
4,2.5,2090,1,465000
4,2.5,3280,2,809950
4,2,2090,1.5,619400
3,1.75,2430,1,762400
5,2.25,2520,2,535000
5,3,2510,1.5,881000
4,2.75,3370,1,813000
3,2,1640,1.5,234000
3,2.5,2250,2,308900
4,2.5,2300,1,450000
3,3.5,1650,3,547500
2,1,710,2,399950
4,3.5,2550,2,516000
2,1.5,982,2,250000
3,2.25,1630,2,475000
4,2.5,2550,2,415000
2,1.25,1240,2,545000
3,2.5,2456,2,329950
5,2.25,3200,1,1325000
3,3.5,3950,1.5,784000
4,2.25,2180,2,610750
4,2.5,3140,1,578000
4,3.75,4030,2,1485000
3,1.75,1970,1,501000
5,2,1940,1.5,465250
5,4.25,4860,1.5,2250000
0,0,3064,3.5,1095000
2,1,970,1,315000
4,2.25,2460,1,900000
4,2.5,3010,2,789500
3,2,2460,1,678500
3,2,2080,1,342500
4,3.25,3960,2,860000
4,2.5,2490,2,306000
5,2,2060,2,580000
3,1,1330,1,405000
3,1.75,1600,1,510000
2,1,820,1,173000
4,1.75,1200,1,210000
3,1,1050,1,445000
3,2.5,1910,2.5,585000
3,1.75,1800,1,381000
3,2.25,2060,1,890000
3,1.75,1840,1,235000
3,2.5,1250,3,480000
2,1,1510,1.5,575000
4,2.25,2300,1.5,350000
4,1.5,1490,2,259000
5,2.75,2820,1,599000
4,1.5,1130,1,210000
4,2.5,3200,1.5,1184000
3,1,1510,1.5,545000
3,2.5,1970,2,299995
3,1,1210,1.5,440000
4,2.5,3280,2,699000
3,2,2420,1,795000
5,1.75,2460,1.5,445000
3,1,1180,1,397990
3,2.75,1900,1,706000
3,3.25,1651,2,363000
4,2.25,2130,2,850000
2,1,1430,1.5,620000
4,2.5,5730,2,1228000
4,2.5,1910,1,333000
3,1.75,2110,1,743000
2,1.5,1630,1,448000
4,2.5,2470,2,485000
4,2.25,2640,1,489950
5,2.75,2990,2,498500
3,2.5,2120,2,531000
3,2.5,2050,1,670000
5,3,1880,1,310000
3,3,2790,2,835000
4,2.5,3000,2,1688000
4,2.5,2140,2,495000
3,2,1769,1,495000
3,1,1710,1.5,440000
1,0.75,420,1,280000
4,2.5,3270,2,1070000
4,2.5,2370,2,1034500
4,2.5,1770,2,248000
4,2.5,2210,1,294000
3,2.25,1710,2,561000
4,2,2710,1,656500
3,3,2340,2,660000
2,1,1220,1,370000
3,1,1060,1,349950
2,1,910,1,223000
4,1.75,1880,1.5,560000
4,1.75,1870,2,594000
3,2.25,1480,2,600000
3,2.5,1880,2,315000
4,1.75,1890,1,430000
3,2.75,1560,1,440000
2,1.5,1070,2,312500
5,4,4410,2,1240000
3,3.25,1470,2,300000
3,2.5,2570,2.5,680000
2,2.25,1170,2,336750
5,3.5,2320,2,822500
4,3,2440,2,589000
4,2.5,4120,2,863000
2,1.75,1440,1,210000
3,1,1340,1,206135
6,3.75,3010,2,1125000
3,1.75,1840,1,285000
2,1,930,1,230000
4,2.75,4070,2,845000
3,1.75,1820,1,350000
3,1,1280,1.5,304000
2,1,900,1,370000
3,1.75,1980,1,810000
4,2.25,2010,1,440000
4,2.5,2750,2,1030000
4,2,3140,1,775000
5,2.25,4200,2.5,1335000
3,1.75,1900,1,235000
3,1,1830,1.5,499950
5,2.75,3320,2,622500
4,2.5,2700,1,300000
3,1,1290,1,205000
3,1.75,1500,1,435000
4,2.75,3650,1.5,697000
3,1,1270,1.5,153000
4,2.25,2630,2,454000
2,1.5,1800,1,345000
3,1,1870,1.5,585000
4,2.5,2540,2,380000
4,2.5,1930,1,250600
4,2.25,2770,2,890000
4,2.5,2220,2,370000
3,1.5,1650,1,369500
4,2.5,3670,2,883000
4,2.5,3770,2,950000
3,1.75,2350,1,615000
3,1.5,1210,1,305000
4,2.5,2010,2,590000
3,2.5,1580,2,485000
2,1,710,1,215000
3,2,1910,1.5,430000
4,2.5,1880,2,324900
2,2,2280,2,849900
5,2.75,3100,1,975000
5,2.5,2350,2,910000
3,1.75,1850,1,459950
3,2.5,2070,2,325000
4,2.75,2020,1,513000
3,2.25,1580,1,475000
4,2.5,2690,2,419000
4,2.5,2420,1,760000
5,1.5,2540,2,1120000
2,1,1150,1,129000
5,2.5,3210,1,725000
3,2.5,2040,2,580000
3,2.25,1920,1,385000
4,1.75,1900,1,265000
3,2.5,4310,1.5,1735000
3,2.5,1070,2,330000
4,2.5,2790,2,665000
3,2.5,2860,2,799000
3,2,2250,1,589000
2,2.25,3170,2,1695000
3,1,1460,1,538000
3,1,1540,1.5,530100
3,2,2910,2,718500
3,1.75,1180,1,299000
3,1.75,1640,1,556000
4,2,1520,1,171000
5,3,3610,2,540000
3,2.25,1400,2,250000
4,3.5,3200,2,795000
3,3,1384,2,575000
3,2.25,1410,2,379500
4,2.5,2050,2,385000
4,2.5,1750,2,415500
3,2,1510,1,397500
3,2.5,1930,2,530000
4,2.5,2960,2,883000
5,2.75,2920,1,850000
2,1,1980,1,496752
3,1.75,1430,1,330000
4,2.75,2450,2,735000
4,2.75,2360,2,525000
3,2.5,1890,2,269950
3,1.75,2140,1,650000
3,2,1900,1,520500
4,2.5,2700,2,652500
5,3,2430,1,506000
3,1,1110,1,416000
4,2.75,2280,1,500000
3,1.75,1550,1,460000
3,2,1530,1,371025
4,2.5,2440,2,576000
4,2.25,1760,2,353500
4,2.25,3040,2,1735000
3,1.75,1070,1,183000
3,1.75,1990,1,763101
2,1.5,1090,1,460000
4,1.5,1890,1.5,825000
3,1,1000,1,265000
3,1.75,1770,1,295000
4,3,2360,1,418000
3,3.5,3380,2,554000
3,2.5,1700,2,534500
2,1.75,1600,1,690000
4,2.5,2050,2,530000
2,1.75,1210,2,357186
5,3,1940,1,300000
4,2,1810,1,304000
4,1.75,1690,1,385000
4,2,1800,1,415000
4,3.5,3280,2,963000
4,2.5,4290,2,792500
3,1.75,1150,1,309212
2,1.5,880,2,235000
3,1.5,1720,2,667000
3,1.5,1510,1,470000
4,2,1240,1,375000
4,2,1580,1,410000
4,2.25,2170,2,566000
4,2.75,2500,2,680000
1,1,960,1,332000
4,2.5,3030,2,902000
3,1.75,1540,1,500000
3,1.75,1890,1.5,445000
4,2.5,2810,1,825000
4,4,3530,2,1095000
3,1,1100,1,277000
3,2.5,1940,1,545000
3,2.5,2300,2,435000
3,2.5,2110,2,638000
4,1.5,1220,1,418000
3,1.75,1750,1,499000
3,1.5,1230,1,150000
3,2.5,3100,2,759950
3,2.5,1830,1,427000
5,2.5,2640,2,632500
6,1.75,1840,1,660000
4,2.5,3190,2,862000
2,1,1120,1.5,524000
3,1.5,1760,1,470000
3,2,1590,2,385000
4,2.5,2120,2,575000
4,2.5,2240,1,220000
2,1,890,1,460000
3,3.25,2940,3,1712500
3,1.5,1220,1,175000
3,2.25,2670,1,465000
3,1,1120,1,552000
4,2.75,3130,2,565000
4,2.5,1740,1,518000
4,3.5,3290,2,899950
3,1,1770,1.5,373000
4,2.5,2960,2,385000
2,1,1200,1,245000
4,2,2400,2,375000
4,3.5,2690,2,699850
6,2.25,3550,1,450000
2,1.5,1310,1.5,455000
4,2.75,2610,3,650000
5,2.5,2760,1,378000
3,2,1410,1,220000
4,1.75,1960,1,285500
3,2.5,1212,3,340000
4,1.5,2220,1,921000
4,2.5,2040,1.5,375000
4,2.75,2800,2,999000
3,1.5,2040,1,335000
4,2.5,3070,1,1920000
2,1,830,1,385000
4,3.5,4140,2,850000
5,2.5,2340,2,429000
3,2.25,1420,3,523950
3,2.75,2670,1,798800
3,2.5,1880,2,284000
4,3.25,3450,2,852880
3,2.25,1200,3,320000
4,3.25,3430,2,749995
3,2.5,1350,2,468500
5,2.5,2570,2,492500
4,3.5,2840,3,685000
4,2.5,2650,2,542525
3,2,1980,3,435000
3,1.75,1280,1.5,242000
4,2.5,2610,2,325000
5,2.75,3010,2,837700
1,1,930,1,210000
3,1.5,1180,1,187500
5,1,1710,1.5,560000
3,2,1380,1,272000
3,1.75,1190,1,235000
3,2,1870,1,259000
5,3.5,3130,2,866059
2,1,900,1,473000
3,1.5,1880,1,405000
4,4.25,3010,2,870000
3,2.25,2280,1,475000
3,2.5,2970,2,499500
2,2.5,1620,2,386000
4,1.5,1550,1.5,458000
3,1.75,2240,2,550000
3,2.5,2830,2,605500
3,2.5,2890,2,421000
4,2.25,1990,2,536000
3,1.75,1370,1,247200
2,1.5,1088,2,250000
4,1.75,1740,1,204950
3,2,1730,1,430000
4,2.5,1800,2,250000
3,1.75,1440,1,260000
4,1,1720,1.5,547000
5,3.5,2800,2,379900
3,2.5,2300,1,738500
4,2.25,2030,1,545000
2,1,740,1,342000
5,6.75,9640,1,4668000
4,1,1920,1,170000
4,2.5,2490,2,616000
3,2,1380,1,640000
3,2.5,1530,1,332000
3,3.25,2420,2,1010000
4,2.5,2150,2,380000
4,2,1610,1,415000
4,3.5,2650,2,1008000
4,2.75,2700,2,669000
3,1.5,1270,1,260000
4,2.75,3150,1,854000
3,2.25,2010,2,605000
3,1,860,1.5,320000
3,2,1410,1,229950
3,1.75,1700,1,255000
4,2.5,2570,2,1170000
2,2.25,1230,2,479000
4,3.5,4170,2,1200000
3,2.5,1180,3,472000
3,1.5,1430,1,198000
4,2,1450,1.5,440000
3,1.75,2180,1,506000
4,2.5,2210,2,382500
2,1.5,1480,1,269500
3,2,2340,1,560000
4,3.5,3860,2,840000
3,2.75,2300,2,479500
3,1.5,1450,1,402000
2,2.5,1380,3,549000
4,2.5,2470,2,449950
4,1.75,2030,1.5,493000
4,0.75,1440,1,142500
3,1.75,1160,1,250000
3,1,1580,2,729000
2,2.75,1430,2,465000
2,2,1494,2,465000
4,2.25,1930,1,280000
6,1.75,2740,1,675000
3,2,1880,1,667500
3,2.5,2590,2,809000
3,2.25,2140,2,400000
4,2,1870,1.5,310000
2,1,1230,1,435000
4,2.5,2340,2,465950
3,2.25,2880,1,1538000
3,1.5,880,1,253000
3,2.5,3040,2,330000
4,1,1120,1.5,554000
3,2,1380,3,350000
4,2.5,1660,2,294999
3,2.75,2500,2,1185001
4,2.5,2940,2,752000
4,2.5,1670,2,451000
4,2.75,2630,2,725000
4,2.75,2250,1,345000
3,1,1320,1,206000
4,3.75,4100,1.5,2027000
3,3.25,4340,2,2475000
4,3,3700,1,1728000
5,2,2700,1,580000
3,1,980,1,430000
4,2.5,2650,2,720000
7,4.25,3670,2,824000
3,1.75,2960,1,936000
4,2.75,3070,2,535000
3,2.5,1413,2,286800
2,2.5,1260,3,350000
3,2.5,1680,2,345000
3,2.25,1230,2,435000
3,3.5,4360,2,1555000
4,4,4420,2,1325000
3,3.25,2770,2,461000
3,2.25,2910,2,770000
4,3.25,4290,1,1384000
3,2.5,1600,2,330000
4,2.5,1820,2,322500
6,5,6050,2,1600000
3,1.75,1700,1,475000
2,1,790,1,250275
3,2.25,1720,1,274500
3,1,990,1,284950
4,1.75,1770,1,264950
3,2,1260,1,242000
4,2.5,3640,2,913000
3,1.75,2040,1,555000
4,1.75,1980,1,711000
5,2.5,3600,1,403500
4,2.5,4270,1,975000
4,2,2030,1.5,253779
3,3.25,1689,3,384400
5,2.75,2870,1,646000
3,1.75,1270,1,415000
4,2.5,2790,2,764000
5,3.25,3850,2,507000
3,2.5,1560,1.5,545500
3,1.75,1180,1,450000
4,1.75,1820,1,264000
5,1.75,1260,1.5,650000
3,2.5,2640,2,365000
2,1,1100,1,343566
3,2.5,1950,2,375000
3,2,1380,1,295000
3,2.75,2200,1,325000
4,1.5,2050,1,265000
5,3,2795,2,562000
4,2.5,2050,2,540000
4,3,6430,2,4489000
5,1.75,2150,1,279950
3,1.75,1970,1,540000
4,2.5,2660,1,310000
1,1,720,1,190000
4,2.5,2410,2,440000
3,2,2020,1.5,1400000
2,1,1080,1,230000
3,1.75,1180,1,455000
2,1,660,1,175000
3,1.75,2920,1,650000
4,4.25,4850,2,3000000
3,1,1080,1.5,192500
3,1.75,1670,1,239950
6,1,1370,1.5,175000
5,3.5,3450,1,850000
4,2,1970,1,410000
4,2.5,2290,2,570000
5,2.5,2240,1,469000
2,1,1240,1,559000
3,2.5,2420,2,739888
5,3.5,3260,2,568450
2,1,670,1,240000
5,3.25,3160,2,574950
3,2.25,1990,2,180000
4,3.5,4680,2,1160000
3,2.5,1700,2,300000
4,2.5,2807,2,630000
4,1.75,1770,1,507000
4,2.5,2570,1,287500
3,3,3450,2,688000
3,2,1670,1,424000
3,1.75,1050,1.5,400000
4,2.5,1910,2,620000
3,1,910,1,300000
5,2.25,2480,2,615000
2,1.5,1820,2,206000
4,2.5,2920,2,515500
5,2.25,1870,1,554000
4,3.5,3810,2,825000
4,2.25,2190,2,855000
3,2.5,1730,2,315000
5,2.5,2220,1,299000
3,1.5,1320,1,650000
3,1.75,1510,1,465000
3,2,2120,2,535000
2,2,1690,1,564000
3,3.5,1360,2,515000
4,2.5,3250,2,580000
3,2.25,1490,2,309000
3,1.75,1930,1,536751
4,2.5,2020,2,415000
3,2.25,1584,2,267000
4,2.5,3170,2,820000
4,2.75,3870,2,1399950
2,2.5,1430,3,485000
3,3.25,1380,3,482000
4,2.5,2610,2,535000
3,3.25,1540,3,690000
3,2.5,1940,1,576000
3,2.5,2160,1.5,378750
4,1.75,1530,1.5,269900
3,2,1440,1,210000
4,2.5,2640,2,429900
4,3.25,3620,2,1525000
4,2.5,2850,2,360000
2,1,1260,1,405000
3,1.75,1610,1,450000
3,2,1360,1.5,703000
4,2.5,2496,2,661000
4,2.25,2160,1,580000
3,1,1320,2,464000
2,2.5,2540,2,945000
4,3,2620,1,659500
3,1.5,1140,1,200000
3,2,1790,1,280000
4,2.5,2440,2.5,1325000
3,2,2140,1,346150
3,1,1330,2,197500
4,2.5,2590,2,799000
4,4.5,4750,2,1309500
2,1,1620,1,350000
4,2.5,2440,2,720000
3,2.75,2020,1,519000
3,1.5,1470,2,590300
5,4.75,5990,2,2200000
6,2.75,2520,1,410000
2,1.75,1440,1,437000
3,2.25,1640,1,221000
4,2.25,2150,1,380000
2,1,1570,1,506000
4,1,1980,1,395000
3,1,1210,1.5,285000
3,1.75,1900,1.5,311000
3,1.75,1940,1,520000
3,1.75,1310,1,435000
2,1,990,1,120000
3,3.5,3870,2,1440000
3,2,1340,1,186000
4,2.25,2160,1,756000
4,2,2080,1,248000
3,2,1300,1.5,287000
4,2.5,2610,2,510000
3,1,1050,1,249000
3,2.5,2480,2,340000
4,2.25,1820,1.5,399888
3,1.75,1170,1,440000
4,2.25,2370,1,899000
5,3.75,3090,2,540500
3,1.75,2310,1,385000
4,2.25,2060,1,558000
3,2,2540,1,600000
4,2.5,2400,2,450000
3,1,1320,1,232500
2,1,790,1,436000
4,2,1790,1,240000
3,2.25,1820,2,489950
6,2,1670,1,680000
5,3.5,3990,2,1068000
3,2,1430,1,352450
4,2,2030,1,335000
4,1.75,1290,2,549000
4,3.5,3820,2,1240000
4,3.25,2520,1.5,618250
5,3,3880,2,1815000
2,1.75,1590,1.5,850000
5,2,3530,1.5,930000
3,2.5,1610,2,505000
4,2.5,3280,2,925000
3,1.75,1860,1,275000
3,1.75,1840,1,499000
3,2.5,2120,2,507000
4,2.5,2270,1,619850
3,2.5,2840,1,500000
4,1.5,1220,1,310000
4,2.5,2310,2,646000
3,1.75,1840,1,265000
3,2.5,950,2,475000
4,2.25,3070,2,600000
3,2,1730,1,470000
2,1,920,1,319950
3,2.75,3200,2,712000
4,2.75,3010,2,775000
3,2.25,1600,1,390000
4,2.5,2840,2,585000
3,2.5,2430,2,1027000
3,1.75,1750,2,232603
3,2.25,1240,3,543000
3,3.25,1530,3,607500
3,3.5,3390,2,750000
3,2.5,2320,1,728050
4,2.5,2650,2,734990
3,2.5,2238,2,330000
4,2.5,2620,2,605000
3,2.75,1910,1,441000
4,2.5,3040,2,650000
7,3.5,4640,2,1950000
3,1,1500,1,395000
1,0.75,380,1,245000
4,3.5,2970,2,905000
4,3.25,3030,2,660000
4,2.5,1890,1,378000
2,1,1040,1,600000
4,2.5,2090,2,632500
2,2,1680,2,210000
2,2.5,2770,2,754800
2,1,1020,1,175000
3,2.25,1470,2,455000
3,2,1430,1,450000
4,1.75,2050,1,790000
4,1,2080,1,480000
3,2.25,2870,2,850000
4,3.25,3940,2,725000
3,1.5,1520,1,380000
3,1.5,1700,1,979000
3,2.25,1940,1,359950
4,2.25,2870,2,665900
3,3.25,3240,2,812000
3,1,1150,1,203000
3,1.5,1440,1,456000
5,2.5,2200,1.5,547000
3,2,1470,1,280000
2,1.75,1760,1,640000
3,1.75,1780,1,477000
4,2.25,2450,1,455000
3,3.5,1890,2,587206
3,2.5,2540,2,425000
4,1,1360,1.5,511500
2,2,1310,2,218000
3,2,1510,1,332000
3,1.5,1860,1,291000
4,2,2200,1,279000
4,2.5,3360,2,950000
3,2.75,2470,2,970500
2,1,1260,1,412000
3,1,1430,1.5,400000
3,2.25,1230,1.5,200000
4,2.5,2320,2,397000
4,2.5,3290,2,715000
4,2.5,2550,2,371000
3,2.5,1870,2,458000
5,3,3110,1,436500
3,2.5,1820,2,329950
3,3.25,3050,1,950000
4,2,1890,2,282000
1,1,800,1,250000
6,4.25,6900,2,1135000
4,1.75,2670,2,400000
5,2.75,3260,1,681500
2,1,860,1,200000
5,4,3366,2.5,1300000
5,3.25,3840,3,1462497
4,4.5,3850,2,995000
4,2.5,2040,2,355000
3,2.25,1790,1,425000
4,3,3740,2,869000
3,3.25,2660,2,915000
3,2.25,3230,2,2110000
4,2,3140,1,925000
6,4.5,5480,2,2400000
3,1,1160,1.5,390000
3,2.25,1860,2,330000
4,3,1630,1,482500
3,2.25,1750,3,525000
3,1,1300,1,237000
3,1,960,1,205000
3,2.5,1850,2,623000
4,2.75,3260,2,565000
4,2.25,2420,1,400000
3,1,1460,1.5,405000
4,3,2240,2,337000
2,1,1240,1,355000
3,2.25,2060,1,885000
5,2.75,2280,1,420000
4,2.5,2510,2,448000
4,2.75,3150,2,800000
5,2.25,2780,2,830000
6,1.75,2380,2,725000
3,2.25,2140,2,780000
2,1,840,1,325000
4,2.25,2170,1,488800
4,3.5,4410,2,1320000
4,2,2120,1,489000
7,5.5,6630,2,1240000
3,2.75,3290,2,595000
5,2.25,2290,1,359900
3,3,4910,2,1080000
4,2.75,3730,2,925000
3,2.5,2440,2,625000
3,2.5,2570,2,339990
4,2.5,2970,2,775950
5,3,2630,2,420000
3,3.25,1530,2,654000
3,3.5,3690,2,725000
2,1,1230,2,375000
3,2.5,2200,1,1100000
4,2.25,2330,2,639500
4,2,2160,1.5,849000
4,1.5,1550,1,418000
4,1.75,1780,1,442900
3,1.75,2610,1.5,750000
3,2.5,3290,2,930000
2,1.75,1330,1,565000
4,3.5,3530,2,874150
4,2.5,2090,2,545000
4,2.5,2040,1,500000
4,2.5,2370,2,687000
4,2.5,2810,2,810000
3,2.5,2050,1,439500
3,1.75,2870,1.5,802000
4,2.5,2130,1,732600
4,2.5,2580,2,374000
4,2.5,2380,2,330000
4,2,1940,1,365000
2,2,1610,2,290900
3,2.5,2060,1,577000
2,1,1010,1,280000
4,2.5,2810,2,675000
3,2.25,2380,1,800000
2,1,1060,1,299995
3,1.75,1560,1,440000
2,1.75,1500,1,249500
2,1,970,1,690000
3,1,1170,1,235000
3,2.5,2280,2,320000
7,3,2800,1,350000
4,1.5,1150,1.5,334000
6,3,2180,2,235000
4,2.5,2520,2,442000
3,1.75,1760,1,264000
2,1,1180,1,275000
2,1.5,950,1,430000
3,2.5,1900,2,550000
4,2.5,2300,2,775000
6,2.75,2660,1,603500
3,1,1530,1.5,230000
4,2.5,1850,1,449000
4,3.5,4230,2,2075000
3,2,1200,1,420000
4,2.25,2270,1,735000
3,1.5,1090,1,200000
3,2.75,1100,2,286000
3,2.5,1640,3,579000
3,3.75,1950,1,345100
3,1.75,1660,1.5,350000
3,1,880,1.5,291500
3,2.5,1500,2,649950
3,2,1890,2,458500
3,1,1150,2,500000
3,2.5,2430,2,362300
4,1.75,2110,1,324000
3,2,2950,2,495000
3,2.25,1650,2,233500
3,2.25,2110,2,479000
4,2.25,2010,2,322200
4,2.5,3030,2,835000
3,1,1270,1,347000
3,1.75,1610,1,725000
3,1,1140,2,345000
3,2.5,2110,2,345950
3,1.75,1840,1,550000
3,1.75,1560,1,399950
3,1.75,1840,1,269500
4,2.5,1830,1,494000
4,1.75,2120,1,453000
3,1.75,1600,1,442500
4,1.75,1450,1.5,235000
3,1.75,1880,1,389800
3,1.75,1270,1,346000
4,1.5,1720,1,360000
4,2.5,2400,2,650000
3,1,1150,1,290000
2,1,870,1,234000
4,2.5,2000,2,260000
3,2,2420,1,349900
3,1,1080,1,275000
4,2.5,3420,2,725000
4,2.5,1870,2,375000
4,2.5,2500,1,806000
3,2.5,2150,2,470000
3,2.25,1470,2,490000
5,2,2130,1.5,615000
3,1,1000,1,249000
3,1.75,2390,1,396500
2,1,860,1,405000
3,2.5,1960,2,560000
4,2.5,2000,2,459950
3,1,1620,1.5,265000
6,2.5,2890,1,502000
3,1.75,1300,1,430000
2,1,1080,1,525000
4,2.5,2170,1,415000
3,2.5,2260,2,600000
3,1.75,1580,1,225000
4,2.5,2620,2,300000
4,2.5,1540,2,491234
4,2.5,4570,2,1580000
4,3.25,3440,2,905000
5,2.5,1740,1,199950
4,1.75,2160,1,450000
3,1,1480,2,899000
2,1.75,2260,2,649000
4,3.5,3910,2,780000
4,1.75,1700,1.5,400000
5,2.5,4470,2.5,831500
3,1.75,1800,1,471001
3,3.25,1630,3,385000
3,1,1030,1,326000
1,1,720,1,335000
4,1.5,1890,1,320000
4,2.5,1840,2,300000
4,2.5,2540,2,269950
4,3.75,3520,1.5,1220000
4,2.5,3220,1.5,590000
3,2,1820,1.5,750000
3,1.75,1230,1,239950
3,2,1340,1,215000
3,1,1200,1,165000
3,1.75,1390,1,261350
4,2,1730,1,569000
3,2.25,1580,1,425000
4,3,3520,1,800000
4,2.5,2650,1,715000
3,1.75,1310,1,337000
4,2.5,2300,2,560000
3,2.25,1780,1,449500
3,3.25,1980,3,660000
2,1.5,1300,1,685000
5,3.5,3500,2,905000
3,1,1830,1,403500
3,2.25,1520,3,405000
4,2.75,2700,2,385000
3,2.75,2810,2,1700000
3,2.5,1660,2,285000
3,2,1310,1,249900
4,3.5,2960,2,633634
3,2.5,2242,2,329900
3,2.5,2540,2,310000
3,1.5,1420,2,345000
3,1.5,1270,2,160797
3,2.25,1300,2,562500
5,3,3190,1,664950
5,3.25,2910,2,515000
3,2.25,1630,2,497000
5,3,2300,2,312891
3,2.5,3310,2,670000
2,1.5,940,2,362500
2,0.75,1020,2,402101
3,1.75,1520,1,438000
4,1.75,2330,1.5,687500
3,1.5,1010,1,160000
3,1.75,1070,1,415000
3,2.5,3170,2,405000
4,2.5,3030,3,880000
3,2.5,2270,2,585000
4,2.5,2341,2,640000
3,3.5,2130,2,819000
3,1.75,2300,1,520000
3,1,1660,1,367500
4,2.75,2610,1,762500
3,1,2150,1,300000
3,2.5,2410,1,625000
2,1.5,1580,1,530000
3,2.5,1740,2,379000
2,1,1270,1,615000
2,2.25,2550,2,660000
3,2.25,1860,2,380000
4,1.75,2700,1,314900
3,1.5,1460,1,324950
3,1.75,1330,1,225000
3,2.5,2070,2,535000
3,1.5,1360,1,348500
4,2.5,2650,2,725000
4,3,3580,1.5,925000
2,1,2034,1,549000
3,2,1230,1,400000
4,2.5,2450,2,620000
6,2.75,2840,1,665000
4,3.75,3820,1,1215000
3,2.5,2740,2,1157400
4,2.5,2090,2,349950
5,4.75,6390,2,2466350
4,2,2470,1.5,339000
3,1.75,1720,1,615000
4,3.25,3090,2,751000
4,1.75,2320,1.5,941000
4,1.75,1740,1,600000
4,2.5,2950,2,455000
0,0,4810,2,1295648
3,2.5,1500,1,485000
3,1.5,1810,1,358000
3,1,1100,1,339000
3,1,1490,1,258000
2,1.5,1200,2,455000
4,2.5,1890,1,437000
3,1.75,2200,1,689000
4,2.5,2510,1,319000
3,2.25,1420,3,510000
3,1.75,2000,1,440000
2,2,1460,1,1010000
4,2.5,3220,2,875000
4,2,1310,1,304000
2,1,690,1,139000
3,1.75,1150,1,464500
3,1,1480,1,336500
4,1.75,1850,1,230000
3,2.5,1930,2,425000
2,1,750,1,300000
3,2.25,1430,2,457500
3,1.75,1840,1,366000
3,2,1300,1,502000
3,1,1050,1,194000
4,2.25,2210,2,305000
4,2.5,3220,1,1250000
4,2.5,4620,2,575000
4,1.75,1760,1,343500
3,1,850,1,325000
4,3.25,4690,2,600000
4,3.5,3920,2,850000
3,2.5,2140,2,420000
2,2,1180,1,257500
5,2.5,2360,1,317000
3,2.25,3060,1.5,970000
3,2.25,1670,1,252000
3,1.5,1820,1.5,683500
3,2.5,1970,2,289000
2,2.25,930,2,355000
3,3.5,2300,1,675000
3,2.5,2590,1,396500
4,1.75,1450,1,362500
4,1.75,1540,1,395000
5,2.75,2730,1,599000
3,1,880,1,218000
4,2.5,3190,2,589950
3,1.5,1330,1,218000
3,1.75,1500,1,360000
2,1,740,1,350000
4,3,2560,2,350000
3,2,2540,1.5,845000
3,2.5,3200,1,839000
4,3,3330,1,850000
2,1,900,1,329950
4,1.5,1600,1.5,425000
2,1,970,1,210000
2,1,1130,1,631500
2,1,650,1,295000
3,2.25,2400,1.5,575000
3,2.5,2280,2,415000
4,2.25,3550,1,859000
4,2.5,2050,2,639888
2,1.5,830,2,329445
4,2.5,2440,2,745641
3,2.5,1600,2,395000
4,3.5,3190,2,790000
4,1,2550,2,890000
3,2.5,2180,1,400000
3,2,1410,1,365500
3,2,1410,1,245000
4,2.5,2340,2,390000
3,1,1320,1,196500
4,1.75,3990,2,1200000
3,1,1270,1,276900
3,4.5,4380,2,995000
4,3.25,4250,2,2300000
3,2.5,1860,2,505000
4,3.5,3770,2,1229000
4,1,1530,1,352000
4,4,3570,2,597326
2,1,1740,1,800000
3,2.5,1670,1,270000
4,2,1570,2,235000
2,2.5,1590,2,409900
5,2.5,2980,2,739900
4,2.5,2690,2,608000
2,1,900,1,381500
2,0.75,1440,1,562100
4,2.5,3000,2,740000
3,1,1640,1.5,308000
5,3.5,3100,1,905000
4,3.5,4000,2,762000
4,2,2020,1.5,356000
3,1.5,1840,1.5,750000
4,2.25,2100,1,418800
4,2.25,2460,1,276000
3,2.5,2610,2,725000
3,2,1460,1,285000
3,1,1050,1,205000
3,2.5,1790,2,583000
4,2.5,2180,1.5,657000
4,2.25,2050,2,386000
5,3,2790,1,589950
3,2.25,1700,1.5,575000
3,2.5,2380,2,574000
5,2,2000,1.5,690500
2,1.75,1670,1,565000
3,1.5,1190,1,500000
6,2.25,3040,1,330000
2,1,780,1,286000
3,1.5,2330,1,450000
4,2.75,2840,1.5,870000
4,2.5,2490,2,725000
2,1,770,1,275000
3,2.75,1850,1,645000
3,1,1090,1,152000
4,2,1780,1.5,315000
1,0.75,930,1,190000
4,2.5,2770,2,700000
3,1,1250,1.5,233000
4,2.25,1830,2,249000
2,1,870,1,310000
3,1.5,1150,1,265950
5,3.25,4500,2,860000
3,1,1150,1.5,200000
4,2.25,2000,2,402000
6,2,1900,1,305000
3,1.75,1640,1,505000
3,1.5,2680,2,1355000
3,2.5,2420,2,482000
3,1.75,1790,1,299950
4,2.5,3920,2,770000
3,2.25,1640,1,245700
3,1,890,1,283000
4,2.75,1910,1,650000
5,2.25,2140,1,530000
3,1.75,2030,1,440000
4,4.5,4225,2,1005000
3,2.25,2680,1,599990
4,2.5,2030,2,544000
5,3.5,5850,2,1700000
2,1,2060,1,270000
2,1,1060,1.5,435000
3,1,1010,1,349000
4,2.25,3310,2,1140000
4,2.5,2000,2,320000
4,2.5,3070,2,804100
3,2.25,1270,2,594000
4,2.75,3110,1,531500
3,2,2110,2,1150000
3,2.25,1400,2,374500
4,2.75,2310,1,450000
5,2.5,2700,1,744500
5,2.25,2370,2,913888
4,2.5,2760,2,760000
2,1.75,1610,1,346500
3,1.75,1230,1,280000
3,1.75,1900,1,557500
3,1.5,1580,1,260000
3,1.5,1940,1.5,1330000
3,1.75,1620,1,640000
7,2.5,1940,2,280000
3,1,1230,1,205000
5,3.25,3160,2,957000
5,2.5,2700,1,625000
4,1.5,1880,1,680000
2,1,890,1,150000
3,2.5,1720,2,255950
3,2.5,1620,2,246500
2,1,1380,1,450000
3,1.75,1870,1,595888
3,1,1970,1,454000
3,1,1110,1,299900
3,2,1190,1,200000
3,1,1150,1,346500
4,2.75,2890,1,585000
3,1.75,1500,1,383000
4,2.5,1950,1.5,519000
3,1.5,1250,1,410000
4,2.5,2070,2,578000
4,3.5,4660,2,1280000
2,2.25,1350,2,395000
3,2.5,1800,2,364000
3,2.25,1481,2,240000
3,2.5,1730,2,328423
4,2.75,2720,2,594000
3,2.5,2320,3,425000
3,2.5,1860,2,309620
5,2.5,2025,2,260000
3,2.5,1400,3.5,563500
5,3,2620,2,975000
3,1.75,2450,2,937000
3,3.5,1590,3,518500
4,1.75,2085,1,563500
4,3.5,3450,2,1050000
3,2.25,1780,2,350000
4,2.5,3060,2,826000
3,2,1700,1,225000
4,2,1330,1,235867
4,3,3060,2,399000
3,1.5,1220,1,177500
4,1.5,1600,1,224000
4,1.75,1530,1.5,302000
3,2.5,1980,1,760000
3,2.5,1730,1,460000
3,1,1170,1,415000
2,1.75,1950,1,669000
3,2,1470,1,254600
3,1.5,1400,1,357250
4,3.5,4040,2,910000
6,3,3110,1.5,725000
3,1.5,1490,1.5,670000
4,1.5,1770,2,440000
4,3.5,3320,1,1025000
2,1,950,1,320000
4,2.5,2430,2,310000
4,2.5,2660,1,772650
4,2.5,2670,2,669950
5,3.5,2720,2,690000
4,2.5,3200,1,385000
3,2.5,2480,1.5,663000
3,2.25,1780,1,300000
2,1.75,1590,1,225500
3,2,1550,1.5,320000
3,2.75,2850,1,775000
3,2.75,2600,1.5,805000
4,1,1230,1.5,252750
5,2,2080,1,254000
6,3.5,3600,2,620000
4,2.75,2110,1,435000
4,2.5,2550,1,460000
3,2.5,1650,2,268000
2,1.5,1370,2,446000
2,1,1010,1,285000
3,2,2330,2.5,530000
2,1,620,1,402000
3,1.5,2450,1,358000
4,2.75,2530,1,354950
4,2.5,2220,2,405000
4,1.75,2110,1,568000
5,3,3690,1,575000
4,2.5,1940,1,315000
4,2.25,2070,2,280927
4,2.5,2160,1,440000
4,2.25,2600,1,270000
4,2.75,2880,1.5,755000
4,2.25,2260,2,289659
5,3,3640,2,555000
3,1.5,1530,1,450000
3,2.5,2490,2,1145000
3,1.75,1440,1,495000
3,3,3760,2.5,1250000
4,1.75,1720,1,580000
4,2.5,2480,1,560000
4,3.5,3990,2,1080000
2,1.75,840,1,450000
3,2,2270,1,815000
4,2.5,2580,2,354000
3,1.75,1580,1,279900
2,1,950,1,339000
4,3.5,3190,2,1340000
3,3.25,3740,2.5,710000
4,2.75,2620,1,815000
3,1.75,2080,1,800000
3,2,1660,1,638000
3,1.75,1520,1,475580
3,1,1140,1,243800
3,2.5,3240,2,600000
3,2,2460,1,620000
4,2.75,1750,1.5,750000
3,1.75,2430,2,626000
3,1,1060,1,230000
3,3,2410,2,537000
2,1,720,1,210000
3,1.75,1260,1,200500
3,1,1640,1,253500
3,1,1310,1,150000
3,1.5,2120,1,440000
3,1.75,3320,1.5,667000
3,1,1210,1,660000
3,2.75,2590,2,695000
4,2.5,2250,2,440000
4,3,4040,1,1388000
3,1,1090,1.5,219500
3,1.5,1660,2,220000
2,1,1780,1,270000
4,3.5,3370,2,900000
5,3,4480,2.5,1990000
4,2.5,2990,2,800000
5,2,2280,1.5,365000
3,3,2480,2,1387800
5,2.75,2830,1.5,451000
2,1,920,1,202000
4,2.25,3250,2,1410000
2,1.75,1240,1,471000
4,2.5,3230,1,827000
5,2.5,2500,1,235000
2,1.75,1390,1,216500
5,1.75,1940,1.5,359000
3,2,1900,1,252500
3,1.5,2380,1,370000
3,2,1480,1,663000
4,3.75,3460,2,971971
3,1.75,1444,1.5,420000
4,3,1930,1,330675
4,1,1200,1.5,240000
3,2.5,1769,2,334888
3,2.5,2490,2.5,414000
4,3.25,3060,2,782900
4,2.75,3030,2,525000
3,2.5,2370,2,429900
3,3.25,1370,2,390000
3,1.75,1500,1,224000
3,2.25,1715,2,257500
2,1,1110,1,665000
5,2.75,2400,2,327000
3,1,1520,1.5,425000
4,2.75,3190,2,687500
3,2.25,2400,1.5,672500
3,1,1060,1,140000
2,1.75,1220,1,215500
4,2.25,2020,1,464900
4,2.25,2300,1,417000
4,2.75,2300,1,453000
3,2.5,1660,2,700000
4,3,3900,1,1619999
3,1.75,1650,1,259500
4,2.5,2110,1,460000
3,1.75,1960,1,561500
4,2.5,2770,2,641000
4,1.75,2440,1,330000
2,1,1320,1,447000
4,2.5,2570,2,320000
2,1,940,1,212700
2,1,700,1,260000
3,2,1400,2,410000
4,2.5,1890,2,355000
2,1,720,1,275500
3,1.75,2410,1,415000
3,2.5,1630,1,279000
5,1.75,2330,1,350000
2,2.25,1330,2,355000
4,2.25,3190,2,750000
3,1.75,1400,1,235000
3,1,970,1,209950
3,1.75,1010,1,230000
3,2.5,3580,1.5,725000
2,1,1050,1,430000
5,2.5,2500,1,661500
3,3,2630,2,738000
4,4.5,6640,2,1820000
3,1,910,1,221000
3,2.5,2610,2,665000
3,2.5,1720,2,255000
5,2.75,3650,2,1195000
3,1.75,2040,1,355000
5,2.5,3260,1.5,755000
3,1.5,1590,1,300000
4,1,1440,1.5,500000
2,1,900,1,191000
6,4,3120,2,315000
3,2.5,1060,2,415000
4,2.5,3000,2,394000
3,2.5,2230,2,490000
5,1.75,1890,1.5,523460
4,3.5,4150,2,550000
3,1.75,1780,1,342000
4,2.5,2710,2,560000
4,4.25,4390,2,1050000
2,1.5,1640,1.5,710000
3,2.25,1670,1.5,1020000
3,2.5,2570,2,399950
2,1,1500,1,480000
3,1,2710,2,410000
4,1.75,2860,1,530000
2,0.75,840,1,528000
4,2.5,2990,2,469900
5,1,1170,1,397000
3,1.5,1200,1,718500
2,1,1020,1,195000
2,1,910,1,285000
1,1,700,1,295000
4,1.75,2420,1,602000
3,1.75,1950,1,235000
4,2.5,3060,2,465000
4,1,1390,1,234000
2,1.5,1200,3,504200
3,2.5,2440,2,710000
3,3.25,2310,2,589500
3,2.75,2600,1.5,415000
3,2.25,1490,2,735000
3,2.5,2432,2,427000
4,2.75,3610,2,982000
4,3,2530,2,459000
4,2.75,2790,2,483453
3,3,1670,1,246950
1,1.5,1170,2,235000
4,2,1350,3,288790
2,1.75,1110,2,229800
1,1.25,1100,3,516500
3,4.25,2820,2,1600000
3,1,1040,1,234000
2,1.75,1910,2,230000
4,1,1370,1,300000
3,1.5,1500,1.5,470000
3,1,1200,1,339900
2,1,1050,1,650000
5,2.5,2670,1.5,585000
4,2.5,2190,1,699900
4,2.5,3130,2,598000
3,2.5,1700,1,475000
3,1.75,1700,1,314500
3,3.5,1360,2,397000
3,2,1610,1,345000
5,2.75,2130,1,325000
3,1,1800,1,265000
4,2.75,2950,1,402000
3,2.25,2120,2,835000
4,2.5,3500,2,780000
3,2,1440,1,250000
4,2,2120,2,1200000
2,2.5,1780,2,935000
2,1,960,1,300000
2,1.75,1510,1,419000
1,1.5,1010,1,410000
3,3,3790,2,1165000
3,1.75,3600,2,461000
3,1.75,1300,1,385000
4,2.25,2500,1.5,669500
3,2.25,2090,1,491950
3,1.75,2200,1.5,1230000
3,2.25,2070,1.5,560000
3,1,1320,1,370000
4,2,1360,1,263400
2,1,930,1,100000
3,2.5,1760,1.5,289950
3,1.75,1410,2,263000
4,2.5,2570,2,397500
3,2.75,1300,1,245000
3,1,1580,1,535000
4,2.5,2960,2,449000
4,3,2330,2,490000
4,2.25,2070,1,445800
2,1,970,1,345000
3,2.25,2310,2,327500
4,2.5,2290,2,436500
3,2.25,1720,1,550000
2,1.5,1190,1,441000
2,1,870,1,406500
2,1.5,1068,2,243000
4,2.75,2140,2,359500
4,2.5,3300,2,760000
5,4.25,4830,2.5,1925000
5,3.25,2820,1.5,408000
4,3,2440,2,480000
4,1.5,1800,1.5,875000
3,1,1010,1,308000
4,2.75,3220,1.5,880000
5,3.5,5000,2,1730000
2,1,1200,2,170000
3,2.25,1470,2,491500
3,2.5,2600,2,515000
4,1.5,2750,1,550000
2,1,1320,1,255000
3,2.5,3350,2,635000
3,2.5,2650,2,850000
2,2,1860,1,265000
3,1,960,1,349810
4,1.75,2010,1,972000
2,1,900,1,235000
4,2.5,2340,2,330000
4,3,3720,3,500000
3,2,1890,1,570000
4,2.5,2680,1,1309500
3,2.5,1460,2,544000
3,2.5,3180,1,439000
4,2.25,1980,2,530000
2,2,1090,3,427500
4,2.5,2230,2,337000
4,2.75,3330,2,1095000
4,2,1880,1,435000
5,3,2870,1,765000
4,1.75,2120,1,492650
4,2.5,2700,2,383962
4,2.5,3670,2.5,950000
3,2.5,1220,2,457000
5,3.25,4390,2,1510000
4,2.5,3560,3,882566
4,3.25,3530,2,963000
4,2.5,2280,2,345000
4,3.75,4350,2,2065000
3,3.5,3830,2,800000
3,2,2050,1,314500
3,2.5,3660,2,530000
4,2.5,3350,2,650000
3,2,1270,1,349500
4,3.5,3400,2.5,1198000
3,1,1200,1,165050
3,2.5,2200,2,580000
3,2.5,1680,1,330000
5,3.5,3840,2,875000
2,1,950,1,500000
4,2.5,2280,2,445000
4,2.5,1970,2,274900
3,1.5,1620,1,219950
4,2.5,2600,2,691500
2,1,1250,1,459500
4,1.75,2130,1.5,955500
4,1.75,2550,1,328950
3,1,1150,1.5,307000
3,1.75,1040,1,382500
4,2.5,3340,2,1150000
6,2.75,2630,2,1297000
3,2.25,1640,2,478000
2,1,770,1,260000
4,3.25,4350,1,850000
4,1.75,1700,1,616000
3,1.75,2050,1,540000
3,2.25,1660,2,300000
3,1.75,1990,1,507500
5,5.5,7050,1,3800000
3,2,1770,1,241000
3,2.25,2440,2,485000
3,2.5,2620,2,695000
4,2.5,2440,2,548000
2,1,1080,1,345000
3,1,1090,1,280000
3,1.75,1400,1,450000
3,2.5,2010,2,515000
3,1,1640,1.5,1014250
5,2.5,3290,2,739900
2,2.5,2510,2,600000
2,1,860,1,370000
4,2.5,2840,1,729032
3,1.75,1750,2,510000
3,1.5,1300,1,425000
3,2.75,3890,2,1080000
3,2.25,1460,3,337000
4,1,1410,1.5,563000
4,2.75,3770,2,1695000
3,2,1190,1.5,245000
3,2,1410,1,590000
3,2,2500,1.5,695000
2,1,800,1,402500
3,2.5,2530,2,435000
3,2,2570,1,660000
3,2.75,2090,1,300000
5,2.25,2980,1,600000
3,1.75,1170,1,205000
3,3.5,2080,2,357500
5,3.25,3350,2,1110000
2,2.5,1050,2,332888
2,1,900,1,174000
2,1,1050,1,515000
5,2.25,3740,1.5,392000
4,1.75,1430,2,485000
3,1.75,1400,1,217500
3,2.25,1600,2,502000
3,2.25,2880,2,820000
3,3.25,3140,2,1640000
2,1,820,1,102500
5,5.5,5190,2,925000
4,2.5,2180,1,540000
2,1,910,1.5,600000
4,1,1580,1.5,406000
4,3,2130,1,620000
4,2.5,4570,2,1060000
3,2,1240,1,401000
3,1.75,1860,2,725000
1,0.75,370,1,276000
5,3.25,3130,2,500000
3,1.75,2530,1,375000
4,4.75,3970,2,2300000
3,2.25,1920,1,260000
4,2.75,2970,1.5,1565000
4,2.5,2300,2,431000
4,2.5,1830,2,321000
4,1.5,1550,1,433000
4,3.5,4080,2,920000
3,2.25,1710,2,482000
3,2.5,2375,2,712000
4,2.75,2200,1,505000
3,2.25,3530,1,2367000
3,1.75,1110,1,452000
4,1,1630,1.5,581000
4,1.5,2550,2,952500
4,2.25,2500,2,808000
4,3,2890,1,476000
4,1.75,1420,1.5,535000
4,3.5,4270,2,1356925
3,2.5,2390,2,629800
4,2.5,2530,2,417838
4,2.5,2701,2,399895
4,2.75,3990,2,825000
4,2.5,2303,2,300000
2,2.25,1540,3,640000
3,2.5,1450,2,460000
2,2.5,1160,2,525000
4,2.75,2910,2,499990
4,3.5,3770,2,1020000
5,2.25,2900,1,675000
3,1.75,1540,1,512031
2,1,700,1,310000
3,2.5,3280,1,1075000
4,2,2430,1,255000
3,2.5,1900,2,435000
3,2,1660,1,453000
4,2,1620,2,260000
4,2,2090,1,659000
3,2,1110,1,223000
5,3.25,3760,2,851000
3,2.25,2080,1,605000
4,2.25,1950,1,895000
5,2.25,2570,1,519000
3,1.75,2330,1,535000
3,3,3700,2,489000
3,2.25,1920,1,250000
3,2.25,1900,1.5,580000
4,1.75,1440,1,1038000
4,2.25,2940,1,605000
4,3.5,2500,2,599950
3,2.5,2490,2,700000
3,2,1470,1,480000
4,2.5,2120,2,329950
3,1.75,1200,1,250000
5,2.5,2450,2,345000
4,2.5,1780,2,175000
5,1,1590,1.5,185000
4,2,2370,2,411000
3,1.5,1760,2,690000
4,3,1940,1,265000
4,3,3550,1.5,720000
4,2.5,2050,2,256000
4,2.25,1680,2,255000
3,2.25,1320,2,540000
3,2.25,1550,2,481015
3,1.75,2680,1,575000
3,2.5,2390,1,339950
4,2.5,2040,2,475000
3,3.75,2670,2.5,732000
4,1.75,1880,1.5,860000
4,1.75,2400,1.5,389000
3,1.75,2270,1,645000
4,2.5,1850,2,475000
4,2.75,2160,1,550000
2,1,2160,1,305000
2,1.5,1570,1.5,782000
3,2,1340,1.5,545000
4,2.5,3002,2,394500
5,2,2190,1,600000
4,1.75,2610,1,1300000
2,1,1010,1,300000
4,2.5,2105,2,330000
4,2.25,2430,1.5,723000
4,3.25,4040,1,2271150
5,2.5,2160,2,480000
2,1,900,1,496000
3,3,1820,3,625000
4,2,2100,1,475000
3,2.25,1520,2,275250
2,1,1310,1,253000
4,2.5,2190,1,630000
5,2.5,2950,1.5,660500
5,1,1870,1,262000
3,3.5,4660,2,2147500
3,2.5,1840,1,552000
2,2.5,3180,2,1411600
2,1,1500,1,736000
3,1.75,1730,1.5,355000
3,1,1580,1,305000
4,2.5,1540,2,484998
4,3.5,3390,2,1054690
2,1.5,830,2,334500
4,2.75,2620,2,475000
3,2.5,2242,2,309780
4,2.5,2890,2,795000
3,2.25,1450,2,274500
2,1.5,800,2,265050
3,2.5,2280,2,567500
3,4.5,3850,2,915000
5,2.5,2270,2,285000
3,2.5,2250,2,445838
4,1.75,2600,1,304900
4,2,2490,2,940000
4,2.5,3160,2,1127000
4,4.25,4930,2,835000
3,1,1440,1,290000
3,1.75,1770,1,250000
4,2.5,2300,2,342000
4,2.5,2980,2,1012000
4,2.25,2230,1,400000
3,1.75,1830,1,312500
3,1,1740,1,267000
3,1.75,1530,1,575000
3,1.5,1520,1,810000
3,2.5,3230,2,850000
3,3.25,3620,2,1015000
4,3.75,5070,2,1100000
3,1.75,1570,1,240000
4,1.75,2080,1,198000
4,2.5,2230,1,565000
5,3,3420,2,1195000
8,2.75,2790,1,340000
4,2.5,3150,2,815000
4,3.25,3930,2,1875000
5,3,2190,2,588000
4,2.5,1890,2,280500
4,2,1900,1,390000
2,1.5,1930,2,509000
3,2.5,3316,2,490600
3,1.5,1380,1,650000
3,4,2080,3,715000
3,1,1240,1.5,529950
3,1,1020,1,265000
3,2,2360,2,1755000
3,2.5,2780,1.5,1140000
3,2,2300,1,610000
4,2.5,2020,2,554729
5,1.75,1840,1,395000
3,1,1390,1.5,341000
4,2.25,2060,1,264500
4,2.75,2640,1.5,395000
3,2.25,1980,1,640000
3,1.5,1810,1,430000
4,2.5,1700,1,410000
4,1,1200,1.5,220000
4,3.25,2980,2,1625000
2,2.75,1350,2,405500
4,2.5,2360,1,633000
2,1,1190,1,295950
4,5,4110,2,1042031
4,2.5,2800,1,605000
2,1.5,920,2,255000
3,1.75,1530,2,474000
2,1,860,1,370000
3,2.5,1520,2,288000
2,0.75,660,1,100000
5,2.5,3580,2,1150000
5,2.25,3000,2,600000
5,3.25,2740,1,515000
4,2.5,2040,2,345000
6,2.75,2520,2,975000
3,2,2470,2,850000
3,2.5,1930,2,439990
3,2.5,2950,2,554950
3,2.5,2610,2,605000
3,1.75,1630,3,609000
3,1.5,1400,3,425000
2,1.75,1410,1.5,399900
4,3.5,4370,2,1025000
4,4.25,5010,2,2351956
4,3,2590,2,519995
3,1.5,1300,1,625000
3,2.5,2320,2,600000
4,2.5,2700,2,1200000
4,2.25,2920,2,1738000
4,3,3130,1.5,671000
3,1.75,1470,1,459500
3,2.5,1540,3,499000
4,2.5,3160,1.5,1280000
3,1.75,1480,1,395000
5,2.75,3595,2,861990
2,1,1190,1,382500
4,2.25,2340,1,404950
3,1.75,1320,1,530000
2,1,1190,1,195000
4,2.25,2350,2,747500
3,1,1100,1,199990
4,1,1660,1.5,548800
4,3,3040,1.5,870000
3,2,1860,2,588000
4,3.25,4100,2,775000
6,3,4050,2,670000
2,2,1240,2,445000
4,3,2200,1,300000
3,2.25,1680,1,480000
3,1,930,1.5,300000
3,1.5,1800,2,360000
6,3.5,3000,1,527000
3,1.5,1820,1,875000
4,2.25,1995,2,266000
4,3.25,3990,2,866000
2,1.5,800,1,335950
3,1,960,1,215000
4,2.5,2286,2,481000
3,1.75,2220,1,320000
3,1.75,1940,1.5,295000
3,1.5,1640,2,295000
3,1,1120,1,320000
4,2,2600,1,780000
3,2,1490,2,437500
5,1.75,1650,1.5,443000
4,2.5,2400,2,575000
2,1,1500,1,245000
3,2.5,1990,2,450000
2,1.5,1130,2,536000
3,3.25,2030,2,685000
4,1.75,1590,2,373000
3,1.75,1480,1,450000
4,2.5,2690,2,645000
3,2.5,3870,2,1275000
3,1,1390,1,230000
3,2.75,1830,2,593000
2,2,1580,1,558000
3,2.25,2590,2,538250
5,2.5,2510,1,475000
3,1.5,1180,1,209950
3,2.25,1450,2,410000
3,2.5,3110,2,1636000
5,2.5,2860,2,670000
3,2.75,2760,1,821000
5,2,2800,1,665000
3,2.5,1450,2,339000
4,2,2530,1.5,631500
3,2,1640,1,570000
3,1.75,2220,1,437000
3,2.5,2040,2,542500
3,1,1230,1,229500
2,1,1060,1,170500
3,2.5,1920,2,391500
3,2.5,1520,2,296475
4,3.25,3770,2,1450000
3,2.5,3540,2,888550
4,3,5430,2,1360000
3,2,2250,1.5,328000
4,2.5,2090,2,300000
3,2.5,1720,2,500000
3,2.5,1910,2,494815
3,2.5,1601,3,378000
2,2.25,1060,2,505000
4,2.75,2330,2,680000
3,2.5,2370,2,351999
3,2.5,1420,3,510000
4,2.25,2360,2,1300000
2,1.5,1260,2,374000
3,2.5,3030,2,509900
3,1.75,1140,2,230000
5,2.5,2820,1,527700
2,2,1270,3,438000
3,2.5,3180,2,900000
3,2.25,2790,1,1131000
4,2.25,2570,2,439000
2,1,1080,1,315000
4,4,3010,2,765000
3,2.25,2120,1,332000
3,2.25,1900,1.5,600000
3,2.5,2860,2,378500
3,1,910,1,190000
4,2.5,2850,2,645000
2,2.5,2560,2,780000
3,1.75,1570,2,370000
4,3.5,3110,2,875000
4,3.75,4740,2,1049000
3,1,1340,1,479000
4,2.25,2600,1,245000
3,1.75,1070,1,542000
3,2.25,1820,2,557500
2,1,1060,1,480000
3,2.25,2220,1,330000
3,1,1350,1.5,160000
5,2.75,2510,1,695500
5,2.5,2340,1,235500
3,1,1060,1,326500
4,2.5,2200,2,300000
3,1,1400,1.5,267000
3,1.5,1520,1,292600
5,3,1810,2,362000
2,2,2360,1.5,1087500
2,1.75,1210,2,357562
3,2.5,3420,1,789900
3,2.5,1810,2,513000
3,2.25,2760,1,336000
4,2.25,1950,1,560000
3,2.5,3830,2,1150000
4,2.25,2060,1,410000
3,1,1650,1,371500
4,1.75,2100,1,368000
4,3,3720,1,650000
4,2.5,1920,2,308950
3,2,1860,2,440000
2,2.5,2290,2,630000
3,1.75,1200,1,228950
4,3.5,5270,2,782000
3,2.5,1600,2,245000
4,2.5,2560,2,410000
2,1,880,1,427550
2,1,1020,1,235000
3,2,960,1,210000
4,2.25,1900,1,485000
3,2,1320,1.5,410000
4,2.75,2230,1,435000
3,1,1150,1,300000
4,3.5,3440,2,455000
3,1,1070,1,210000
4,2.75,2250,1.5,1050000
4,2.5,1910,1,458400
3,1.75,1180,1,390000
3,1,1400,1,148226
4,3,3580,2.5,711600
3,2.75,3176,2,819000
2,2,1170,1.5,613000
2,2,1570,1,592350
3,1.5,1460,1,232000
3,1.75,1140,1,250000
1,2,1150,1,115000
4,2.5,3180,1,1115000
4,2.5,2630,2,585000
3,2.25,1940,1,580000
1,1,850,1,165000
3,2,1550,1,430000
3,2.25,2090,1,383000
4,3.5,3960,2,1195000
3,1,1320,1.5,201500
4,2.5,3220,2,690000
2,1,800,1,325000
3,1.75,1660,1,375000
4,2.5,2250,2,600000
3,2.25,2120,1,340000
4,2.75,2310,3,890000
4,1.75,1920,2,415000
3,1.75,1550,1,255000
2,2.5,1785,2,530000
3,1.5,1830,1,468000
5,2.75,3500,2,970000
3,2,2560,1,599000
4,1.75,1360,1.5,399500
4,5.25,6500,2,2458000
4,3.5,3150,2,1205000
2,1,810,1,325000
5,4,7320,2,1135250
4,1.75,2790,1,568000
2,1.5,1920,1,517000
4,2.75,2530,2,469950
3,2.5,3490,2,1675000
6,2.75,4710,2,2180000
3,1.75,2050,1,623000
4,2.25,2410,2,720000
3,1,1180,1,205000
2,1,630,1,148000
3,2.5,3480,1,950000
3,1.5,1010,1.5,405000
3,2.25,1910,2,293000
3,3.5,2490,2,550000
4,2.5,2150,2,435000
4,2.75,3000,2,355000
3,2.75,2830,2,673000
4,2.5,2680,2,449990
2,1.5,1090,2,249000
4,2.5,1984,1,380000
4,2.75,3090,2,760005
4,2.5,2610,2,674600
4,3.5,3370,2,812000
4,2.5,2250,2,333490
3,3.25,1450,2,320000
4,2.5,3130,2,999000
2,2.75,2700,1,810000
5,2.75,1970,1,399950
3,2,1970,2,550000
3,1.5,1950,1,290000
3,1.5,1940,1,232500
4,3.5,3550,1,1355000
3,2.5,2500,2,565000
4,2.75,2910,1,749950
4,2.5,3350,2,720500
3,1.75,2140,1,507000
5,4.5,4030,2,989000
4,2.5,1980,2,463000
3,1.5,1460,1,310000
4,1.75,1880,1,284000
3,1.75,2320,2,737500
3,3.25,2220,1.5,569000
3,1,1410,2,700000
3,1,1240,1,660000
4,2,2030,2,275000
6,3.75,4000,2,570000
3,0.75,490,1.5,150000
3,2.5,1590,2,356000
3,2.5,2630,2,610000
2,1.75,1350,1,498800
3,1,990,1,226550
4,2.75,3710,2,692500
3,1,990,1,250000
4,2.5,2510,2,660000
2,1,800,1,295000
4,1,1600,1,154950
5,3.25,3320,2,409124
5,1.5,1730,1,287000
4,1.75,2000,1,810000
4,2.75,2910,1,525000
4,1.75,1710,1,525000
3,1,1200,1,275000
3,2.5,2600,2,583000
2,1.75,1460,1,237950
4,3.75,4260,2,1065000
4,2.75,2100,1.5,679000
6,4.5,4230,2,1465000
3,1.75,1660,1,410000
3,1,1450,1,306000
4,1.5,1860,1.5,215000
4,2.5,2720,2,594950
4,2.5,2920,1,1250000
3,1.5,1800,1,305000
2,1,1320,1,425000
3,1.75,1770,1,215000
5,2.75,2550,1,480000
4,1.75,2150,1,550000
4,2.5,3020,2,750000
3,1,960,1,137124
3,2,2783,2,840000
3,2,2250,1,624800
3,1.75,1710,1,630000
3,2.5,2650,1,590000
3,3.25,1830,3,599950
3,2.5,1460,2,299880
3,2,1760,1,400000
3,2.5,1960,2,560000
4,2.25,2010,1,229000
4,2.5,3670,2,525000
2,2.25,2290,1,737000
3,2,1780,1,680000
4,2.5,3080,2,635000
4,2.5,3360,2,740000
3,1,1370,2,335500
4,2.5,1660,1,270000
4,3.5,4440,2,1037000
5,2.5,2850,1,450000
3,2.5,1530,2,379000
4,2.5,2100,1,468000
1,1,730,1,321500
3,2.25,1920,2,443000
3,1,1600,1,340000
4,2.25,2380,2,470000
3,2.5,2760,2,545000
4,1.5,1840,1.5,415000
7,2.5,2580,1,599000
4,1.75,2100,1,759000
4,1.75,1820,1,300000
5,5.25,4830,2,1681000
3,1.5,1550,1,359000
4,1,1440,1.5,550000
2,1,930,1,395000
4,2.5,3560,2,486000
2,1,840,1,187000
4,3.25,4280,2,734950
3,1.5,1500,1,284000
4,3.5,3650,2,696000
2,1,780,1,380000
4,1,1600,1.5,625000
4,1.75,1120,1,252000
2,1,1010,1,560000
4,2.75,1970,1,395000
4,2.5,2230,2,900000
5,3,4290,2,2680000
3,1.75,3160,1,625000
3,1.75,1850,1,580000
3,2.25,1980,1,309000
4,3.5,3360,2,412000
3,2,2660,1,495000
3,1,1200,1,215000
2,2.5,2150,1,741500
3,2.75,2820,2,749000
4,2.75,3510,2,659950
3,2.5,1790,2,530000
4,2.75,2700,2,749000
5,4.75,5780,2,2321000
4,3.25,3730,2,595000
4,2.5,2540,2,487000
4,2.25,3300,3,760000
5,3.5,5430,2,1240000
4,2.5,2550,2,435000
3,2.25,1390,3,374950
3,1.5,1270,3,440000
4,2.5,2380,2,360000
4,2.5,3360,2,879000
5,4.25,6070,2,1550000
2,1,1240,1,505000
2,2,2930,1,545000
2,2.5,2410,1,600000
6,2.75,2980,1.5,775000
2,1.75,1950,1,725000
4,2.75,2600,1,610000
4,1,1170,1.5,350000
3,1,1470,1,410000
4,2,1840,1,639000
4,2,1560,1,439000
4,1.75,1520,1,499950
3,2.75,2220,2,800000
4,2.5,2800,2,350000
2,1,670,1,279000
3,2.25,1720,2,290256
3,2.5,2110,2,355000
3,1.75,1580,1,263000
6,2.5,2640,2,880000
4,2.5,2700,2,426500
3,2.5,2820,2,735000
4,2.5,3340,2,720000
3,2.5,1530,2,265000
4,3.5,3840,2,840000
3,2,2320,1,657500
5,2,2310,1.5,850000
3,2.5,1770,3,436110
2,3,3160,2,589900
3,1.5,1620,1,620000
4,2,1510,1,254000
3,1.75,960,1,375000
4,2.25,1740,1,455000
4,2,1470,1,445000
4,2.5,2460,2,568500
3,1.75,1170,1,352500
2,1.75,1210,1,342500
3,2.5,1870,2,299950
3,2.5,1950,2,425000
4,2.5,2570,2,561000
3,2,1460,1,455500
3,2.5,2970,1,400000
4,2.5,2040,2,443500
5,3.25,3240,1.5,1234582
4,2.75,3150,1,370000
3,2.25,1820,1,475000
4,2.5,2130,1,580000
3,1.5,1430,1,518000
3,2.5,2030,2,525000
4,2.75,2000,2,236000
4,2.25,1940,2,278500
2,1.75,880,1,205425
3,1,950,1,248000
3,2.25,1670,2,505000
3,2.5,2670,2,657500
3,2.5,1280,2,670000
1,1,890,1,202000
4,2.25,2160,1,440000
4,2.5,2700,2,690000
6,2.25,3206,2,375000
3,1.75,1560,1,291000
3,1.75,1400,1,230000
4,3.25,3090,2,850000
4,2,2630,2,84350
3,2.5,2190,1,12899000
4,1,2100,1,2110000
4,1.5,1120,1,2199900
4,2.75,3260,1,188000
3,2,1180,1,26590000
2,1,780,1,7800
4,2.5,2200,2,237227.8571
3,1,1340,1,117833.3333
3,1.75,1490,1,0
4,2.5,2800,1,744312.5
4,2.75,2600,1,0
6,2.75,3200,1,0
5,3.5,3480,2,0
3,3.5,3020,2,439333.3333
3,2.25,1970,1,280000
5,1.5,1500,1,0
4,4,3680,2,0
3,2,1570,1,176225
3,2.5,2280,2,500324
3,2.5,1600,2,444845
3,3,1680,3,330000
3,1.75,1890,1,292285.7143
2,1,520,1,160000
3,2.25,1780,2,274333.3333
4,3,2920,1,537500
3,2.25,2430,1,232333.3333
3,2.75,3010,2,237333.3333
3,1,1620,1.5,346750
2,2.5,2200,1,0
3,2.25,2950,1.5,1020000
4,2.25,2170,1,0
3,1.5,1770,1,254000
3,1,1830,1,238750
4,2.5,2380,2,268971.875
4,2.5,2550,1,642000
3,2.5,3720,2,571986.1111
5,4.5,4630,2,0
5,4,4430,2,0
3,2.5,1490,3,554250
4,4.5,5030,2,0
4,1.5,2180,1,0
4,1.5,1590,1,107500
3,2,1510,1,300000
4,3.5,4210,2,0
3,2,1640,1,540833.3333
4,2.5,1840,2,274750
3,1,1040,1,148612.5
3,1,1250,1,326428.5714
5,3.25,3690,2,0
4,1,1530,1.5,135333.3333
4,2.5,2110,2,577437.5
3,1.75,2150,1,440825
5,3.75,5340,2.5,195000
4,1.75,2420,1,257500
4,3.25,5010,2,692000
2,1,910,1,176400
3,1.5,2200,1.5,193000
4,2.5,3430,2,646212.5
4,2.5,1860,1,268971.875
4,3.75,3300,1.5,0
3,1.75,1280,1,317061.875
3,2,1490,1,83300
5,2.25,2880,2,0
4,1,1310,1.5,266066.6667
4,2.5,1980,2,342246.4286
5,2.25,2000,1,0
3,3,1860,1,0
4,3,1990,2,0
4,2.25,1720,1,240015.3333
3,2,1370,1,83300
4,3,4060,1,316850
4,2.5,1960,2,259585.5714
4,2.5,1720,1,328211.9048
4,2.5,2740,2,673476.8182
4,1,1360,1,0
3,2.5,1870,2,425000
2,1,720,1,127160
3,2.25,2180,2,341750
3,1.5,1430,1,178650
2,1,780,1,87500
3,1,1180,1.5,282508.8889
3,2,1300,1,450385.7143
4,3,4260,2,435000
2,1.75,2050,1,532500
3,1.75,2930,1,408900
2,1,1500,1.5,156766.6667
5,3.5,5960,2,452500
2,1,810,1,308830.7692
4,2.75,2320,2,484991.6667
2,1,1090,1,287919.7826
2,1,1000,1,247875
3,2.5,2260,2,309487.5
4,1,1290,1.5,173666.6667
3,2,2120,1,237481.25
3,2.25,1490,2,326983.3333
4,2.5,2310,2,790000
1,1,720,1,0
3,2.5,1840,1,678333.3333
5,2.75,2910,1,542804.75
4,2.75,3270,2,723243.75
5,2.75,3040,2,667781.25
3,1,1200,1,108333.3333
5,2.75,2740,1.5,0
4,2.25,2290,2,535000
4,2,2580,1,596165.4286
3,1.75,1590,1.5,269187.5
3,1,1040,2,148612.5
3,1,1300,1,0
5,2.5,2090,2,0
5,2.75,2670,2,341166.6667
4,1,1540,1.5,132500
4,2.75,3370,2,557125
3,1.75,1730,1,228944.4444
3,2.5,1640,2,592105.7143
4,2.25,2980,1.5,535000
3,2,1330,1,420642.8571
4,2.25,2192,2,132250
4,2.5,2068,2,237227.8571
3,1.75,1980,1,440825
3,2.5,1710,2,2560498.333
2,1,890,1,423050.9259
4,3.5,4280,2,1337044.2
3,2.5,3080,2,315368.7
4,2.25,2070,2,417985.7143
4,2.75,3010,2,723243.75
4,2,2030,1,259950
4,3.75,4060,2,0
3,2.75,2340,1,237333.3333
3,2.5,2340,2,426090
2,1,1470,1,458663.8889
4,2.5,3700,1,812650
4,1,1200,1.5,135333.3333
5,2.75,2910,1,0
5,2,1910,1,0
3,2.5,2880,1,0
5,2.75,3240,2,0
3,1.75,1590,1.5,387884.6154
5,3.5,3690,2,437500
3,2.5,2480,2,641633.3333
4,2.5,2683,2,681965.7813
2,1,1100,1,229629.5
4,1,2080,1.5,0
3,2.5,2210,1,210614.2857
4,3.25,2420,1.5,790000
3,3.5,1240,2,435500
3,2.5,2300,1.5,738190.8571
3,1.75,1760,1,497333.3333
3,2,2020,1,300000
4,3.25,2500,1.5,1036200
2,1,760,1.5,163785.7143
4,1.75,1580,1,351250
3,2.5,2670,2,645325
3,1,1140,1,171224.8
5,3.75,3870,2,0
3,2.75,2750,1,540000
3,2,1570,2,233166.6667
3,1.75,1160,1,329333.3333
3,2.25,2110,1,225279.4286
3,2.5,1270,2,331366.6667
4,2.5,3250,2,460886.9231
2,1,940,1,337945.75
4,1.5,2310,2,0
3,1,1130,1,243069.2308
6,3,3020,2,0
4,2.5,3210,2,690408.6207
3,2.5,2650,2,592105.7143
3,1.75,1150,1,220083.3333
3,3,3910,2,280000
4,2.5,3490,2,297857.1429
5,3,3330,2,950833.3333
4,1,1940,1.5,323833.3333
3,2.5,1800,2,309000
3,1.75,1880,1,248400
4,2.25,2870,1.5,994500
4,2.5,1960,1,0
4,1,1810,1,0
2,2.25,1490,1.5,0
3,4.5,5230,2,0
5,2.5,3390,1,288500
2,1,880,1,379509.1667
2,1,2550,1,180785.7143
4,2.5,3160,2,950100
4,5,4550,1,0
5,2.75,3831,2,542500
2,1.75,1240,1.5,362750
4,2.75,2520,2,234975
4,2.25,2420,2,672500
4,1.75,1250,1,391400
3,2.75,1310,1,0
3,1,1410,1,198995
3,1,990,1,278900
3,1,1000,1,171758.3333
3,1.75,2000,1,325187.5
2,1,1120,1,190368.75
5,3.25,3370,2,375000
3,2.75,2210,2,216000
5,3.5,2640,2,0
3,2.5,1150,3,360500
4,2.5,2150,2,677099.5652
4,2.75,4230,2,405125
3,1.75,1570,1,289987.5
3,2.5,1630,1,264270
4,2.5,2770,2,602761
3,1,1750,1,251555.5556
3,1.5,1090,1,214750
2,1,930,1,258125
4,2,2100,2,0
4,2.5,2540,2,677099.5652
2,1,810,1,0
2,1.5,1520,1,0
1,1,690,1,167500
4,3,2370,1.5,471500
4,4.25,3500,1,0
2,1,840,1,464600
4,2.25,1830,2,132250
3,2.25,1370,3,433111.1111
5,2.75,2520,1,542500
2,2.25,2130,1.5,0
4,2.5,2590,2,368112.5
4,2.5,1820,2,673476.8182
3,2.5,1530,1.5,558653.8462
4,2.5,4080,2,0
2,1,1050,1.5,168333.3333
4,2.5,1954,2,268971.875
2,1.75,1530,1,318000
4,2,1660,1.5,550607.1429
6,4.5,3830,3,1288333.333
3,1.75,1490,2,584000
3,1,1520,1,0
5,6.25,8020,2,0
3,3,2470,2,245000
2,1,870,1,287919.7826
4,2.25,2110,2,672500
2,1.75,1990,1,454790
3,1,1560,1,282508.8889
3,1.5,1740,1.5,473200
2,1,1290,1,406062.5
4,2,1700,1,282766.6667
3,1.75,1880,1,486445.8333
3,1,1890,1.5,486895
3,2.25,1620,3,430277.7778
2,1,770,1,229629.5
4,2.25,2890,3,0
3,1,1040,1,182805
4,2.5,2620,2,380680.5556
3,1.75,1880,1,396166.6667
4,2.5,2530,2,252980
3,2.5,2538,2,289373.3077
3,2.5,1610,2,210614.2857
3,1.75,1510,1,308166.6667
3,2.5,1460,2,534333.3333
3,2.5,3010,2,416904.1667
4,2,2090,1,203400
3,2.5,1490,2,220600
